codeword,minDistortion
21,0.109773
21,0.117167
21,0.085774
21,0.091795
21,0.096429
21,0.094336
21,0.087838
21,0.091461
21,0.101013
21,0.115362
20,0.125422
20,0.067000
20,0.088342
21,0.098628
21,0.110986
21,0.165830
21,0.104819
21,0.125654
21,0.061667
21,0.087131
20,0.114925
21,0.125956
20,0.103079
20,0.116787
20,0.126865
20,0.126867
20,0.158137
20,0.071529
20,0.099295
20,0.127071
20,0.159373
21,0.115853
21,0.101920
20,0.117891
20,0.095802
20,0.099271
20,0.069279
20,0.176774
20,0.135092
21,0.069940
21,0.087883
20,0.095561
20,0.092287
21,0.100946
20,0.083713
20,0.087096
20,0.085232
21,0.116386
20,0.120620
20,0.104176
20,0.117622
20,0.124218
20,0.202953
20,0.143479
21,0.107528
20,0.091398
20,0.227946
20,0.219100
21,0.112913
20,0.116642
20,0.221840
20,0.154291
20,0.123920
20,0.126686
20,0.110497
20,0.063958
21,0.129930
20,0.123552
20,0.168560
20,0.138846
21,0.097141
20,0.132971
20,0.129645
20,0.101192
21,0.083149
20,0.092544
20,0.108412
20,0.085090
21,0.106241
20,0.086124
20,0.125083
20,0.073860
21,0.130984
21,0.097551
20,0.158529
20,0.123046
20,0.101413
20,0.115190
20,0.079557
21,0.102773
21,0.095911
20,0.052383
21,0.096085
20,0.088716
21,0.099492
21,0.106292
20,0.125460
20,0.079789
20,0.103052
20,0.111045
20,0.062327
20,0.097494
21,0.061333
20,0.118218
21,0.085532
21,0.075184
20,0.074500
20,0.102048
20,0.108887
20,0.070733
20,0.071922
20,0.127619
20,0.084138
20,0.141890
21,0.134811
21,0.122555
21,0.121625
21,0.066374
21,0.109533
21,0.127059
21,0.152596
21,0.158679
21,0.116733
21,0.122700
21,0.127234
21,0.104695
21,0.163584
21,0.068941
21,0.108418
21,0.130052
21,0.076258
21,0.099278
21,0.084554
21,0.084426
21,0.081168
21,0.062105
21,0.093028
21,0.178300
21,0.094492
21,0.120405
21,0.081060
20,0.136101
21,0.167693
21,0.107757
21,0.113427
21,0.113241
21,0.110863
21,0.081180
21,0.152629
21,0.104871
21,0.122044
20,0.072086
21,0.057273
21,0.140086
20,0.089387
20,0.107711
21,0.096322
21,0.079318
21,0.098782
20,0.084181
21,0.172417
21,0.105311
21,0.073538
21,0.117427
20,0.093392
21,0.102611
21,0.086100
20,0.126299
20,0.136239
21,0.060145
21,0.078117
20,0.098214
20,0.116924
20,0.096264
21,0.102993
21,0.104739
20,0.127013
20,0.061201
21,0.124447
21,0.132972
20,0.142752
20,0.092999
21,0.100518
21,0.099784
20,0.119849
20,0.089836
21,0.115281
21,0.115423
20,0.120001
20,0.129432
21,0.107970
21,0.106614
20,0.093114
20,0.099416
21,0.083755
21,0.097558
20,0.115341
20,0.189247
20,0.109712
21,0.077137
20,0.131753
20,0.143054
20,0.127739
21,0.094172
20,0.164020
20,0.116384
21,0.169885
21,0.128598
20,0.172563
20,0.167894
22,0.126152
20,0.158949
20,0.128963
20,0.121260
20,0.091226
21,0.116200
21,0.096266
20,0.137124
20,0.103428
21,0.092539
20,0.078605
20,0.107894
20,0.091046
21,0.102758
20,0.099989
20,0.100236
21,0.128790
21,0.089806
20,0.098724
20,0.164002
20,0.122267
21,0.122020
20,0.102965
20,0.157089
20,0.124828
21,0.084303
20,0.095949
20,0.110957
20,0.089259
20,0.172968
20,0.159902
20,0.068455
21,0.076691
20,0.083476
20,0.080840
21,0.112286
21,0.088352
20,0.108074
20,0.131466
20,0.119135
20,0.111265
20,0.088004
20,0.083483
20,0.130849
20,0.103863
20,0.101718
20,0.099125
20,0.193249
20,0.096637
21,0.115732
20,0.135105
20,0.109955
21,0.117755
21,0.100056
21,0.111449
21,0.133377
21,0.115267
21,0.117374
21,0.148975
21,0.072016
21,0.130938
22,0.100140
21,0.051844
21,0.088299
21,0.091967
21,0.071848
21,0.113268
21,0.098786
21,0.105440
21,0.050347
21,0.068599
21,0.108884
21,0.084090
21,0.127827
21,0.125777
21,0.106105
21,0.135570
21,0.115515
21,0.086844
21,0.102830
21,0.115846
21,0.085534
21,0.106395
21,0.124353
21,0.097973
21,0.159046
21,0.137897
21,0.096822
21,0.126373
21,0.100015
21,0.098261
21,0.142536
21,0.139015
21,0.106405
21,0.106504
21,0.165876
21,0.086052
22,0.077534
22,0.111763
22,0.092372
21,0.142384
21,0.134158
22,0.112189
22,0.108312
22,0.108032
22,0.138386
22,0.073915
22,0.156531
21,0.087244
21,0.079594
21,0.124123
21,0.114369
21,0.128887
21,0.124247
21,0.104251
21,0.073048
21,0.095200
21,0.118824
21,0.138183
21,0.115020
21,0.053875
21,0.090994
21,0.115985
21,0.122211
21,0.098980
21,0.088793
21,0.073701
21,0.104630
21,0.114442
21,0.131204
21,0.099088
21,0.167679
21,0.116712
21,0.094542
21,0.102286
21,0.088348
21,0.081437
21,0.140151
21,0.095481
21,0.079467
21,0.143643
21,0.102170
21,0.067245
21,0.085878
21,0.107554
21,0.098141
21,0.083107
21,0.120585
21,0.137370
21,0.107685
21,0.138631
21,0.107724
21,0.135492
21,0.091092
21,0.148583
21,0.139635
21,0.085629
21,0.084155
21,0.087337
20,0.145410
22,0.049584
22,0.111992
22,0.069655
21,0.070068
21,0.140076
22,0.142908
21,0.097545
21,0.125065
23,0.148051
23,0.105108
23,0.100513
22,0.128718
22,0.098968
22,0.097740
21,0.095583
21,0.099137
22,0.087665
23,0.109990
21,0.130189
23,0.154794
21,0.124167
22,0.108937
21,0.056892
23,0.092464
22,0.116937
21,0.115069
21,0.068321
22,0.123954
22,0.121385
22,0.109458
22,0.145083
21,0.090714
23,0.152483
22,0.199733
22,0.288443
21,0.114570
21,0.093312
22,0.088196
22,0.120383
22,0.136893
21,0.091041
21,0.135343
21,0.093613
21,0.084312
22,0.096005
21,0.141896
25,0.177373
22,0.192255
22,0.133666
21,0.158286
22,0.097004
22,0.141577
21,0.108266
23,0.149105
22,0.117575
22,0.138527
22,0.100673
21,0.058670
21,0.071767
22,0.112061
22,0.101622
22,0.085988
22,0.099896
22,0.067362
22,0.100123
22,0.088461
22,0.092838
21,0.116759
21,0.126939
21,0.134235
22,0.101567
22,0.127634
22,0.192064
22,0.106059
21,0.093483
21,0.108108
22,0.104801
22,0.116625
21,0.112863
21,0.109195
21,0.145175
21,0.113205
22,0.093374
21,0.145429
22,0.130635
21,0.158121
21,0.115230
21,0.127319
21,0.127858
20,0.178188
21,0.166870
21,0.121071
25,0.129402
20,0.137658
21,0.176224
25,0.116431
20,0.109420
22,0.086281
25,0.088552
21,0.168900
25,0.168886
22,0.131625
22,0.136331
20,0.133558
25,0.181434
21,0.094500
21,0.085187
25,0.130131
22,0.146659
21,0.094629
22,0.168055
22,0.133621
21,0.134282
21,0.104653
21,0.114562
21,0.102095
21,0.131752
21,0.129257
21,0.096587
23,0.088908
23,0.118431
31,0.103485
30,0.123541
30,0.075943
30,0.089429
29,0.182545
31,0.085144
31,0.114833
30,0.145509
29,0.096216
31,0.150323
31,0.082660
31,0.084867
29,0.078803
31,0.067633
31,0.083703
31,0.083117
28,0.119884
30,0.129684
31,0.109037
31,0.060462
31,0.130781
29,0.127834
31,0.084887
31,0.088620
31,0.147149
31,0.115237
31,0.095275
31,0.128540
29,0.071046
29,0.082069
31,0.089330
31,0.108389
31,0.126369
30,0.066981
29,0.061561
23,0.128228
31,0.045034
29,0.073631
28,0.119953
29,0.100417
29,0.112433
29,0.079205
27,0.088049
29,0.114132
29,0.080963
29,0.089421
29,0.079419
27,0.115030
28,0.113863
31,0.083165
31,0.076443
27,0.078395
28,0.154458
28,0.101115
30,0.093290
30,0.115828
28,0.103119
29,0.075356
29,0.085254
29,0.075750
27,0.131497
27,0.077478
29,0.089995
31,0.088285
29,0.082317
27,0.094860
29,0.131717
29,0.097077
29,0.140439
27,0.074370
27,0.106882
28,0.130499
29,0.082710
29,0.056810
27,0.073476
29,0.080809
29,0.083904
30,0.125487
29,0.059404
27,0.091372
29,0.110922
30,0.068654
29,0.102756
29,0.111966
29,0.083838
29,0.103474
29,0.094046
30,0.089615
30,0.131263
30,0.091318
29,0.158933
31,0.075522
31,0.066885
31,0.094418
31,0.099583
31,0.060303
31,0.092075
30,0.117133
31,0.098503
29,0.097405
31,0.113811
29,0.070983
30,0.108902
31,0.093656
29,0.085564
29,0.068035
31,0.059599
31,0.092651
31,0.098704
31,0.127711
31,0.087010
31,0.050820
31,0.072268
31,0.100113
31,0.074852
29,0.076612
23,0.077099
31,0.064987
31,0.076362
29,0.067943
29,0.069288
30,0.101599
31,0.068485
31,0.091520
30,0.093650
29,0.089224
31,0.084205
31,0.087272
31,0.088028
30,0.079342
30,0.081415
30,0.134002
31,0.102705
31,0.085736
31,0.089229
30,0.092218
31,0.093348
31,0.076396
31,0.072095
30,0.076674
30,0.086174
31,0.096029
31,0.100784
30,0.097202
30,0.135077
31,0.089057
31,0.110218
31,0.148458
29,0.155936
29,0.091703
30,0.080395
30,0.057827
29,0.105668
29,0.101685
29,0.118171
29,0.083856
27,0.063774
27,0.108261
27,0.086855
30,0.084576
27,0.141865
27,0.154685
27,0.106305
30,0.115073
27,0.071453
27,0.106265
27,0.108055
30,0.110799
30,0.128135
27,0.084119
27,0.102969
29,0.082801
29,0.081783
27,0.108720
27,0.080104
29,0.071746
29,0.114846
27,0.066712
27,0.127039
29,0.082094
29,0.084341
27,0.065440
27,0.105142
29,0.068252
29,0.127152
27,0.075888
27,0.104182
27,0.065774
30,0.089335
29,0.098618
27,0.103367
27,0.118299
31,0.122700
27,0.053248
27,0.110009
29,0.099337
31,0.084845
29,0.099846
27,0.111289
27,0.124613
27,0.112454
27,0.111809
27,0.173397
27,0.128778
29,0.073374
29,0.067001
27,0.095804
26,0.125935
29,0.082481
30,0.086954
27,0.096186
27,0.137424
29,0.098740
29,0.081508
27,0.149760
27,0.122548
29,0.081022
30,0.101946
27,0.085507
27,0.107059
29,0.080261
29,0.103283
27,0.089030
27,0.092611
29,0.125415
29,0.056664
27,0.121219
27,0.124507
29,0.103878
30,0.101324
27,0.089623
27,0.103898
29,0.102407
29,0.052089
27,0.100824
27,0.092141
28,0.124801
29,0.116584
29,0.084976
27,0.218016
29,0.131830
29,0.103560
29,0.100948
27,0.119628
29,0.091986
29,0.137363
29,0.066327
29,0.068504
29,0.089173
29,0.101629
30,0.132507
30,0.087783
31,0.090088
31,0.076724
30,0.121170
31,0.104144
31,0.100955
31,0.085074
31,0.130777
31,0.099020
31,0.072173
31,0.120673
30,0.095992
31,0.089531
31,0.079995
31,0.083688
29,0.109844
31,0.122748
31,0.087827
31,0.121468
31,0.113901
31,0.081281
31,0.133482
30,0.088282
30,0.089056
31,0.086693
31,0.097528
31,0.128510
31,0.112901
31,0.109149
31,0.082976
31,0.117238
31,0.104820
31,0.108216
31,0.106780
31,0.097813
30,0.096403
31,0.096701
31,0.097935
31,0.128719
30,0.094288
30,0.161440
31,0.081422
31,0.105286
29,0.065486
29,0.064868
30,0.066634
31,0.118545
29,0.077193
29,0.082558
30,0.080875
30,0.070153
30,0.130054
27,0.134788
30,0.091153
31,0.085414
29,0.128682
27,0.093498
30,0.116714
31,0.112517
27,0.092518
27,0.079015
27,0.092466
31,0.102610
29,0.103153
29,0.082231
29,0.123610
29,0.128016
29,0.075471
27,0.111478
27,0.149533
29,0.145007
29,0.104244
27,0.116315
27,0.093076
28,0.115869
29,0.056701
27,0.129977
27,0.118368
27,0.071769
29,0.103801
29,0.129658
27,0.110403
26,0.113316
29,0.108261
29,0.094063
27,0.121756
26,0.118262
27,0.156514
30,0.136323
27,0.105441
27,0.088662
27,0.139758
29,0.082896
27,0.100520
27,0.089369
27,0.148645
27,0.076808
29,0.091102
27,0.086119
26,0.137099
27,0.143546
28,0.104992
27,0.090560
27,0.108560
26,0.179071
28,0.198710
27,0.138445
26,0.191694
26,0.159814
28,0.138489
28,0.089291
26,0.105957
27,0.127892
27,0.174313
27,0.100098
26,0.190262
26,0.137704
26,0.166782
28,0.095577
27,0.108187
27,0.178588
27,0.109128
28,0.099176
27,0.118213
26,0.194566
26,0.138012
28,0.080218
27,0.119658
26,0.203195
26,0.112545
28,0.092918
27,0.184036
26,0.200238
26,0.172773
26,0.149568
27,0.126255
26,0.218308
26,0.143391
26,0.098654
26,0.085447
26,0.182446
26,0.240790
26,0.130040
26,0.159093
26,0.193011
26,0.167822
26,0.086555
27,0.108144
26,0.155337
26,0.180822
26,0.154326
27,0.098499
26,0.126821
26,0.113552
26,0.054785
27,0.097273
26,0.122204
26,0.110608
26,0.190717
28,0.118572
26,0.078762
26,0.086436
26,0.121636
28,0.109664
26,0.090505
26,0.177533
27,0.149224
28,0.086956
26,0.144023
26,0.172585
25,0.129551
28,0.056784
27,0.112929
26,0.111959
25,0.225641
28,0.093210
27,0.067477
27,0.051023
26,0.112621
29,0.152653
30,0.100139
27,0.101410
27,0.094687
27,0.135152
30,0.102426
31,0.072705
29,0.069094
29,0.080630
29,0.099949
31,0.064384
29,0.075673
27,0.160504
27,0.067949
30,0.107733
30,0.046864
30,0.082863
31,0.117071
31,0.074707
28,0.125003
23,0.088833
23,0.098449
31,0.100357
31,0.087785
30,0.086424
30,0.168308
31,0.091984
31,0.084194
31,0.076786
31,0.127784
31,0.125819
31,0.077197
31,0.113647
31,0.127576
31,0.128167
31,0.088888
31,0.117180
31,0.090704
29,0.107595
31,0.110369
31,0.070891
31,0.062061
31,0.100759
23,0.198353
29,0.121843
29,0.100518
29,0.093801
23,0.171267
23,0.226066
29,0.123102
29,0.127598
28,0.152100
28,0.125229
30,0.102638
29,0.088353
29,0.101908
28,0.192029
29,0.113094
29,0.164518
28,0.094131
30,0.095440
31,0.103635
29,0.078535
29,0.082975
28,0.115252
29,0.091453
29,0.153197
29,0.144045
28,0.208587
28,0.209064
29,0.162872
29,0.084178
28,0.131899
31,0.094606
31,0.079863
29,0.089826
27,0.087612
28,0.080457
29,0.111099
22,0.167050
22,0.113893
23,0.131946
29,0.143653
29,0.082804
29,0.115235
29,0.173354
31,0.068948
29,0.118925
27,0.098855
29,0.137068
29,0.155875
31,0.091051
29,0.114956
27,0.153538
29,0.167038
29,0.188886
29,0.094072
27,0.125799
27,0.166679
28,0.149785
29,0.111239
27,0.106677
27,0.093364
27,0.140059
29,0.108566
29,0.127582
27,0.144760
27,0.086042
29,0.094309
29,0.105906
27,0.098897
27,0.202086
29,0.147071
30,0.078363
27,0.111861
27,0.104185
29,0.128388
29,0.110803
27,0.087446
27,0.130967
27,0.188649
29,0.069467
27,0.096310
27,0.085882
27,0.074478
29,0.137380
27,0.077169
27,0.110517
27,0.081706
27,0.109884
29,0.090460
27,0.094848
27,0.097973
27,0.121930
27,0.094590
27,0.068123
27,0.091076
26,0.163364
28,0.134451
27,0.096430
27,0.115343
27,0.089659
28,0.124669
27,0.094952
27,0.156537
27,0.165945
27,0.116792
27,0.132233
26,0.160710
27,0.124382
25,0.111323
25,0.136422
26,0.122144
27,0.158435
27,0.094754
27,0.107748
26,0.104654
25,0.169105
25,0.113003
26,0.130469
26,0.182871
25,0.116526
28,0.134722
25,0.094595
26,0.105390
25,0.163363
28,0.176155
25,0.133280
25,0.136306
26,0.120473
27,0.130352
26,0.109475
26,0.101223
26,0.106346
29,0.071308
27,0.127989
27,0.088732
27,0.044660
27,0.066397
29,0.086952
27,0.122023
27,0.127012
27,0.128735
30,0.065262
27,0.136641
27,0.124937
27,0.072947
28,0.115507
25,0.119963
25,0.094760
28,0.072695
30,0.105545
28,0.129588
28,0.091628
28,0.105403
28,0.154664
31,0.169440
30,0.121896
31,0.068483
30,0.109944
31,0.055304
31,0.083741
31,0.155928
31,0.107371
30,0.090545
31,0.096219
30,0.113410
31,0.099095
31,0.112646
31,0.100202
31,0.103402
31,0.078034
31,0.129331
31,0.080044
31,0.092517
31,0.166148
31,0.130986
31,0.060390
30,0.106280
31,0.105979
31,0.071982
31,0.102806
31,0.122647
31,0.114384
31,0.098864
30,0.072543
31,0.100841
31,0.093951
31,0.093099
31,0.108565
31,0.108703
31,0.062372
31,0.092805
31,0.072318
31,0.074804
31,0.066278
31,0.082071
31,0.072282
30,0.067394
29,0.091054
30,0.067846
31,0.081864
31,0.118862
31,0.088838
30,0.147526
31,0.091301
23,0.104071
31,0.090058
29,0.081662
30,0.110948
31,0.094770
29,0.109216
29,0.123302
29,0.105295
31,0.069687
31,0.067485
29,0.113737
29,0.126275
30,0.078144
31,0.059712
29,0.113655
29,0.167146
29,0.090476
31,0.165244
30,0.078715
27,0.069704
29,0.118616
31,0.115261
31,0.086057
29,0.104711
29,0.121867
29,0.073541
31,0.068017
29,0.100477
27,0.092831
30,0.163847
30,0.112740
27,0.124737
27,0.141148
29,0.187633
31,0.136506
29,0.134684
27,0.091690
29,0.083560
31,0.090146
29,0.110863
27,0.097277
27,0.112144
29,0.076980
27,0.106107
27,0.105505
27,0.101916
31,0.102481
29,0.081184
27,0.130227
27,0.204293
30,0.086652
29,0.097150
27,0.133380
27,0.194953
29,0.143143
30,0.138737
27,0.128753
27,0.108414
27,0.096901
30,0.066087
27,0.101152
27,0.168413
29,0.121853
31,0.054202
28,0.073696
27,0.116937
27,0.133583
30,0.119648
28,0.168785
26,0.150946
27,0.122712
28,0.144478
27,0.084604
27,0.087681
27,0.101166
30,0.133862
27,0.074902
27,0.050281
27,0.060229
29,0.054051
29,0.072223
27,0.085864
27,0.126735
30,0.083881
28,0.120094
27,0.080947
27,0.088439
29,0.060341
29,0.062655
27,0.134028
29,0.097295
23,0.125566
27,0.137688
27,0.112681
29,0.083560
29,0.113128
27,0.165378
27,0.086883
29,0.097031
29,0.101160
29,0.095823
29,0.099537
31,0.068313
31,0.095075
29,0.132971
31,0.102784
28,0.168881
28,0.106009
31,0.132063
29,0.111391
29,0.067129
30,0.145436
30,0.059623
29,0.080663
23,0.119482
23,0.066744
23,0.131437
23,0.104105
23,0.079629
23,0.074127
23,0.067290
23,0.081315
23,0.078189
23,0.109831
23,0.094847
23,0.093006
23,0.110343
23,0.080345
23,0.106922
23,0.078561
23,0.086691
23,0.091930
23,0.076325
22,0.049386
23,0.092351
23,0.136381
23,0.079913
23,0.089181
23,0.088207
31,0.060910
23,0.097652
23,0.118833
21,0.135271
23,0.076645
22,0.131780
22,0.102419
22,0.115278
23,0.070852
23,0.150508
22,0.109218
22,0.059702
21,0.095350
23,0.085859
22,0.130442
22,0.120068
23,0.089967
23,0.141876
22,0.093480
22,0.075104
22,0.058679
23,0.125990
23,0.107471
22,0.081301
22,0.115668
22,0.072307
23,0.089484
23,0.118439
27,0.091205
27,0.147649
22,0.113180
23,0.139429
23,0.069824
22,0.113945
22,0.155102
22,0.093062
30,0.169218
22,0.086655
27,0.172838
22,0.106252
23,0.084080
22,0.079748
22,0.148736
27,0.154028
22,0.112602
22,0.086166
22,0.099644
22,0.142728
22,0.146660
23,0.129374
23,0.102884
22,0.120465
22,0.122019
22,0.133393
22,0.103613
23,0.160250
22,0.088497
22,0.099336
22,0.076629
22,0.088161
22,0.091299
22,0.103515
22,0.120558
22,0.133668
22,0.111868
22,0.097529
22,0.106907
22,0.069557
23,0.105153
23,0.115970
23,0.096022
23,0.099615
23,0.076871
23,0.088780
23,0.128606
22,0.107805
23,0.079741
23,0.075537
22,0.077585
23,0.077721
22,0.095853
23,0.091555
23,0.086444
23,0.127619
23,0.111654
23,0.086563
23,0.130313
23,0.146053
23,0.093573
23,0.120824
23,0.095456
23,0.113047
23,0.123759
23,0.093247
23,0.102304
23,0.107777
23,0.098097
23,0.054731
23,0.095933
23,0.094368
23,0.077335
23,0.072192
23,0.085118
23,0.104406
23,0.098760
23,0.081320
23,0.085992
23,0.077697
23,0.104824
23,0.067319
23,0.114109
23,0.086652
22,0.099272
23,0.085123
23,0.057022
23,0.104234
23,0.080764
23,0.078606
21,0.111253
23,0.081547
22,0.106840
23,0.152211
23,0.118208
23,0.088185
22,0.071422
22,0.079667
23,0.070633
23,0.099980
23,0.087470
22,0.060053
25,0.105271
23,0.104495
23,0.135123
22,0.093340
22,0.059940
23,0.062387
22,0.090280
22,0.079024
23,0.120159
22,0.091518
22,0.102183
22,0.097466
23,0.108882
23,0.131012
22,0.105700
22,0.113923
23,0.105723
23,0.094722
22,0.096861
23,0.099449
23,0.138269
23,0.071980
23,0.089607
23,0.075779
22,0.095928
23,0.081125
23,0.081898
23,0.045402
23,0.086022
22,0.090751
23,0.075437
23,0.088151
22,0.096071
28,0.102537
23,0.081674
23,0.105059
22,0.062830
22,0.086460
23,0.084204
28,0.103594
28,0.088136
22,0.096916
23,0.079914
23,0.080390
23,0.072993
22,0.118670
28,0.081743
23,0.067098
23,0.088798
23,0.102143
23,0.071305
23,0.101485
21,0.146447
21,0.113354
23,0.102415
23,0.097763
23,0.097272
23,0.095882
23,0.139324
23,0.076795
23,0.088036
22,0.092287
22,0.161314
23,0.099785
23,0.093952
22,0.140602
23,0.123976
21,0.125387
23,0.103116
23,0.131202
22,0.106888
23,0.110304
23,0.078371
23,0.106695
23,0.169559
23,0.148286
23,0.086317
23,0.101202
23,0.148554
23,0.080263
23,0.111137
23,0.131385
23,0.084533
23,0.130714
23,0.102603
23,0.087042
23,0.119000
23,0.129003
23,0.153562
23,0.130091
23,0.116390
21,0.122225
23,0.128565
23,0.089804
23,0.099469
23,0.084993
23,0.106836
23,0.064404
22,0.111061
23,0.094310
23,0.136412
23,0.104590
23,0.114860
23,0.096302
23,0.096231
23,0.100583
22,0.078717
23,0.083214
23,0.101319
23,0.074715
23,0.151059
21,0.116037
21,0.120932
23,0.099733
23,0.117046
23,0.123677
23,0.082712
21,0.080681
22,0.082097
22,0.085920
23,0.108475
23,0.045090
23,0.080995
22,0.096624
22,0.057967
23,0.067802
23,0.088277
23,0.100381
22,0.127394
23,0.100567
23,0.090947
23,0.111155
23,0.091606
23,0.135836
23,0.105699
23,0.091720
22,0.086989
23,0.168808
23,0.105721
22,0.098258
23,0.125494
23,0.188451
23,0.154820
23,0.086707
23,0.076523
21,0.115780
22,0.082939
23,0.096242
23,0.094309
23,0.081279
23,0.103422
23,0.086789
22,0.067848
23,0.088856
23,0.098790
23,0.110399
23,0.093284
23,0.073445
23,0.119830
23,0.104037
22,0.089745
23,0.067756
23,0.129231
21,0.140060
22,0.090110
22,0.107185
23,0.099074
21,0.093162
22,0.072291
22,0.091536
22,0.126513
23,0.075864
22,0.112147
22,0.104468
22,0.083164
22,0.117798
22,0.112845
22,0.112777
23,0.101785
22,0.087638
22,0.079782
23,0.106803
23,0.084802
22,0.065884
22,0.069253
22,0.094189
23,0.147745
23,0.068455
22,0.081086
22,0.041478
23,0.082902
22,0.107017
22,0.151349
22,0.089831
22,0.080978
22,0.063675
22,0.126867
22,0.162690
23,0.118563
22,0.085478
22,0.047092
22,0.082215
22,0.090814
22,0.076680
28,0.088820
23,0.071267
22,0.096211
22,0.139953
22,0.056234
23,0.091696
22,0.098213
22,0.098139
22,0.069734
23,0.084077
22,0.072634
22,0.110740
23,0.110841
22,0.071296
22,0.039602
22,0.062626
22,0.089815
22,0.059602
22,0.086540
22,0.141522
23,0.104442
22,0.137262
23,0.098387
23,0.146496
22,0.090912
22,0.080872
22,0.050488
22,0.089055
21,0.073412
22,0.044572
22,0.095007
23,0.134510
23,0.116734
23,0.128580
22,0.085893
23,0.097740
23,0.069274
23,0.107245
23,0.085709
23,0.073117
31,0.099051
30,0.113688
30,0.094619
29,0.084133
29,0.076103
30,0.080120
30,0.098812
27,0.111862
29,0.092989
30,0.094457
30,0.096207
29,0.129464
29,0.101627
29,0.090856
29,0.097965
29,0.105151
29,0.086888
29,0.112294
29,0.126169
29,0.121682
31,0.125575
28,0.072786
27,0.086824
29,0.103657
31,0.114769
29,0.087626
29,0.076588
29,0.101219
29,0.083683
27,0.106861
27,0.067136
28,0.136659
27,0.138875
27,0.080361
27,0.085190
29,0.096836
27,0.101454
27,0.118500
29,0.100787
28,0.096868
27,0.147662
27,0.126463
27,0.082698
27,0.057837
27,0.094896
26,0.134959
26,0.156424
27,0.139189
27,0.083254
27,0.114009
27,0.141900
27,0.081367
26,0.094442
26,0.221217
28,0.058816
27,0.063149
26,0.097918
27,0.108824
29,0.091508
27,0.068644
27,0.094005
27,0.094227
29,0.095451
27,0.122903
27,0.142540
29,0.136279
29,0.121890
27,0.082930
27,0.055151
27,0.086792
28,0.095075
27,0.128368
27,0.096047
29,0.076319
29,0.111299
27,0.120645
27,0.139980
27,0.114044
29,0.110057
27,0.125589
27,0.105456
28,0.186800
30,0.116024
27,0.133867
27,0.072327
27,0.097900
30,0.100435
30,0.103874
29,0.101809
27,0.074665
29,0.138573
31,0.071828
29,0.076582
30,0.102889
30,0.067911
30,0.081808
30,0.094374
30,0.085182
30,0.094219
31,0.102667
31,0.090983
31,0.107316
31,0.074546
31,0.105538
31,0.079806
31,0.079375
31,0.099160
29,0.095289
29,0.097946
31,0.055466
29,0.096482
23,0.128057
23,0.098053
23,0.080738
23,0.110913
23,0.083359
23,0.056166
23,0.172318
23,0.110971
21,0.096576
23,0.119637
23,0.139267
23,0.139955
23,0.107661
22,0.082502
22,0.104288
22,0.103257
23,0.056105
23,0.092173
28,0.103144
23,0.129539
23,0.109291
23,0.054365
22,0.064385
22,0.127807
23,0.083770
23,0.089864
23,0.089762
23,0.069739
23,0.127087
23,0.138146
23,0.095036
23,0.142742
23,0.102220
23,0.090214
23,0.120011
23,0.097211
22,0.089342
22,0.110615
21,0.123629
21,0.108753
22,0.087319
22,0.079618
22,0.080315
22,0.111222
22,0.088343
22,0.074041
22,0.159812
23,0.109818
22,0.106893
22,0.095850
23,0.088497
23,0.068649
23,0.127598
28,0.097962
22,0.138713
23,0.069822
23,0.062471
23,0.103954
22,0.097775
23,0.072597
23,0.072859
23,0.162652
22,0.116654
25,0.105405
23,0.075422
22,0.080532
22,0.107000
22,0.098340
23,0.111196
23,0.074344
22,0.077240
22,0.074620
22,0.104003
22,0.053041
22,0.080004
22,0.117485
28,0.105338
28,0.086270
22,0.109137
22,0.147721
22,0.061550
23,0.093874
22,0.081546
28,0.127080
22,0.133136
22,0.107920
22,0.075510
25,0.107446
25,0.085422
28,0.107899
21,0.118318
25,0.110989
25,0.095512
21,0.102212
22,0.124569
25,0.077991
25,0.102919
22,0.090235
22,0.089492
25,0.102373
25,0.095396
25,0.099199
25,0.068862
25,0.111039
25,0.082946
22,0.094105
21,0.104663
25,0.174104
25,0.116132
25,0.085509
22,0.111907
22,0.128764
22,0.138164
22,0.086055
25,0.118132
22,0.128709
21,0.112065
21,0.091098
21,0.131449
22,0.084736
21,0.122773
21,0.095474
21,0.108269
21,0.080386
21,0.103000
23,0.111408
23,0.113980
22,0.081861
21,0.105671
23,0.061012
21,0.105103
21,0.093636
23,0.139111
23,0.079413
23,0.076240
23,0.090357
23,0.094634
31,0.102505
31,0.084702
31,0.071735
31,0.078062
31,0.097265
31,0.038066
31,0.075849
31,0.080793
31,0.088190
31,0.109825
23,0.118464
31,0.116020
31,0.096185
29,0.100958
31,0.094333
31,0.113927
31,0.051845
23,0.070404
31,0.075042
29,0.110150
29,0.088346
23,0.079694
31,0.062143
28,0.082338
28,0.070376
31,0.081657
29,0.108581
29,0.114673
31,0.126361
31,0.062465
31,0.059441
28,0.192388
29,0.066554
31,0.097774
28,0.114294
28,0.126545
28,0.109929
29,0.083602
28,0.120115
28,0.083333
28,0.170029
29,0.136293
28,0.111155
28,0.109887
28,0.102769
28,0.108566
29,0.078407
28,0.122480
28,0.111627
28,0.122766
28,0.124023
26,0.155792
26,0.208116
28,0.161729
26,0.112466
26,0.115563
26,0.195546
25,0.120389
26,0.097607
26,0.114589
26,0.140428
26,0.123719
26,0.092679
26,0.105872
26,0.112524
28,0.100881
25,0.086564
24,0.136160
26,0.148924
28,0.102186
25,0.127686
24,0.164699
25,0.152780
28,0.103094
25,0.134083
24,0.124868
25,0.082420
25,0.117666
25,0.212328
25,0.109789
25,0.053370
24,0.100981
24,0.144875
25,0.145351
25,0.095278
24,0.091643
26,0.167278
26,0.136376
24,0.137172
24,0.169310
25,0.150845
24,0.158353
24,0.084879
24,0.140771
24,0.109352
24,0.176014
24,0.154381
24,0.087531
24,0.164634
24,0.235206
25,0.131431
24,0.164332
24,0.150128
24,0.131646
24,0.114252
24,0.231427
25,0.132886
25,0.193732
24,0.159262
24,0.168485
26,0.145878
25,0.162746
24,0.196472
24,0.176057
25,0.150408
20,0.248096
25,0.128273
25,0.107376
25,0.182498
20,0.269233
25,0.166290
25,0.136449
25,0.271003
25,0.183948
28,0.130840
21,0.225146
25,0.302512
28,0.140275
25,0.276600
25,0.205868
28,0.151344
28,0.140963
25,0.197794
22,0.199656
28,0.065569
28,0.123853
28,0.138906
28,0.160223
25,0.131563
28,0.195507
28,0.108544
28,0.213650
28,0.219452
27,0.176186
29,0.112903
28,0.090128
29,0.102899
28,0.113268
27,0.137021
29,0.131824
28,0.140312
30,0.106572
30,0.088676
27,0.086896
31,0.135841
31,0.145160
31,0.083772
31,0.078564
31,0.097864
31,0.104853
31,0.069424
29,0.113030
30,0.094983
31,0.084017
31,0.100604
29,0.119652
28,0.157951
31,0.114539
31,0.103502
29,0.131372
29,0.095925
31,0.101245
31,0.111329
29,0.109456
27,0.070705
28,0.106775
31,0.065636
30,0.084578
29,0.125242
27,0.125010
28,0.145732
31,0.138148
27,0.089882
26,0.081641
25,0.099557
31,0.067548
27,0.053561
26,0.120564
27,0.106132
29,0.114466
27,0.077063
27,0.077317
26,0.084597
28,0.088662
27,0.072786
27,0.101151
26,0.098850
29,0.164782
27,0.111884
27,0.083326
26,0.063638
27,0.099330
29,0.107331
27,0.093255
27,0.127896
26,0.126507
28,0.098792
27,0.138948
26,0.102810
26,0.115286
29,0.096591
28,0.147685
26,0.080278
26,0.095220
26,0.098864
28,0.103728
27,0.119091
27,0.132155
27,0.170570
28,0.136829
29,0.105559
27,0.116981
26,0.153964
28,0.151135
29,0.082355
27,0.084237
27,0.094357
27,0.141075
29,0.087035
28,0.079799
26,0.123292
28,0.199443
28,0.084420
27,0.085102
27,0.122862
26,0.125232
27,0.142463
29,0.119377
28,0.109301
26,0.109158
26,0.105070
28,0.119347
28,0.118116
27,0.126671
27,0.134035
27,0.118434
28,0.117338
27,0.116937
26,0.102269
26,0.078893
25,0.122516
27,0.077575
27,0.092164
26,0.131310
27,0.124582
27,0.086181
27,0.140956
26,0.103873
27,0.119001
28,0.139478
27,0.103095
26,0.173994
26,0.176735
25,0.111127
25,0.130393
24,0.128960
26,0.170821
27,0.143016
28,0.089849
25,0.108454
24,0.120673
24,0.165719
25,0.179906
28,0.089570
24,0.098363
24,0.166274
25,0.088476
28,0.074211
25,0.174848
24,0.228022
24,0.258543
25,0.258849
23,0.090500
25,0.104818
24,0.217091
24,0.249461
25,0.149234
28,0.109897
25,0.120247
24,0.207446
25,0.146624
27,0.146799
27,0.086549
30,0.128254
27,0.122095
27,0.094173
27,0.124949
30,0.091299
30,0.055806
27,0.059788
27,0.073170
29,0.104518
30,0.108028
29,0.079243
29,0.097733
29,0.075156
31,0.123186
29,0.110428
29,0.059880
29,0.099209
30,0.097111
30,0.111113
29,0.113145
31,0.088967
31,0.091481
29,0.148503
29,0.133107
31,0.075406
29,0.067100
29,0.106830
30,0.113540
31,0.043713
29,0.075716
29,0.138515
31,0.123360
29,0.109392
29,0.080380
31,0.112977
30,0.094462
29,0.090681
29,0.149024
29,0.149752
29,0.072995
29,0.134285
29,0.098911
29,0.089764
29,0.108754
29,0.075383
29,0.078625
29,0.129999
29,0.079629
29,0.109686
29,0.071406
29,0.073494
29,0.078710
29,0.159099
23,0.157480
29,0.105146
26,0.143158
28,0.172184
29,0.135924
29,0.076153
26,0.203259
28,0.123758
28,0.083010
22,0.105949
26,0.222560
28,0.099347
29,0.096767
26,0.148302
28,0.221440
28,0.183043
28,0.099957
26,0.183467
28,0.155492
29,0.108567
27,0.166715
27,0.186848
22,0.163816
29,0.089297
27,0.075440
26,0.107724
28,0.171353
28,0.120586
26,0.129929
26,0.152421
28,0.075208
26,0.112759
26,0.143808
22,0.196404
25,0.104586
26,0.075262
26,0.194645
22,0.156207
26,0.106074
26,0.153678
26,0.212354
28,0.120976
26,0.090806
26,0.140244
28,0.126730
28,0.086473
26,0.095695
26,0.140120
28,0.126889
27,0.087047
26,0.116047
25,0.161803
28,0.108061
26,0.095526
26,0.156625
26,0.240369
26,0.138707
26,0.126984
26,0.157343
28,0.128097
26,0.159317
26,0.139319
28,0.117528
28,0.081375
26,0.086023
28,0.083904
28,0.110681
28,0.136080
22,0.155919
28,0.083631
29,0.065240
27,0.096596
28,0.140763
28,0.099923
28,0.126693
28,0.096456
29,0.103545
29,0.106650
28,0.136691
28,0.149665
31,0.071823
31,0.108925
31,0.136235
29,0.150526
31,0.057549
31,0.087857
29,0.108688
29,0.140185
31,0.070204
30,0.054972
29,0.077636
29,0.081146
29,0.118383
29,0.131347
29,0.126339
31,0.102593
29,0.122590
29,0.106236
29,0.100247
31,0.098220
29,0.141629
27,0.154942
29,0.155026
29,0.096669
27,0.108417
27,0.133955
28,0.091950
30,0.147418
27,0.083840
27,0.145411
28,0.103292
31,0.150449
27,0.120067
26,0.172607
26,0.132631
28,0.062372
29,0.079792
26,0.086643
26,0.087067
25,0.121319
28,0.081561
27,0.109201
26,0.105492
26,0.172013
26,0.113656
27,0.122551
26,0.079189
26,0.190109
26,0.120423
25,0.073783
26,0.117040
24,0.175941
24,0.298781
25,0.193918
25,0.133568
24,0.094535
24,0.258275
24,0.450677
25,0.105978
26,0.083199
24,0.199796
24,0.265059
24,0.141819
24,0.128451
24,0.192480
24,0.275139
16,0.451056
25,0.175275
26,0.115159
24,0.190223
24,0.353537
24,0.142117
25,0.134563
24,0.175897
24,0.337731
24,0.451543
25,0.135815
25,0.121020
24,0.190111
24,0.233609
24,0.121106
25,0.178239
26,0.096940
24,0.243587
16,0.571772
28,0.302125
30,0.099510
26,0.146241
26,0.243599
24,0.288932
25,0.119544
25,0.137771
26,0.154550
24,0.222730
24,0.253756
25,0.143970
30,0.108753
27,0.103673
24,0.156823
24,0.129903
25,0.138198
28,0.096875
24,0.183408
24,0.189813
24,0.228906
25,0.139075
28,0.100397
24,0.160210
24,0.156500
24,0.159551
28,0.119088
28,0.107435
25,0.117363
26,0.159505
25,0.079601
28,0.086264
28,0.135618
28,0.122507
28,0.114965
28,0.133327
28,0.137753
25,0.154152
30,0.095186
28,0.107476
30,0.155492
30,0.125867
31,0.130115
31,0.133785
31,0.131180
31,0.147013
28,0.099652
31,0.132731
31,0.055150
30,0.120533
30,0.112148
28,0.094333
23,0.105763
23,0.074117
28,0.084745
28,0.072631
23,0.133383
30,0.206108
23,0.167368
23,0.094620
28,0.124350
28,0.138174
31,0.092393
23,0.083286
28,0.127783
28,0.082002
28,0.107558
23,0.141141
23,0.150077
23,0.229290
23,0.107838
23,0.098340
23,0.109058
23,0.105922
23,0.081978
28,0.123322
23,0.101243
31,0.102826
23,0.100630
22,0.068737
29,0.111242
31,0.083337
23,0.110523
22,0.105378
22,0.086284
23,0.090642
23,0.106231
23,0.081811
22,0.168972
28,0.101037
22,0.104592
23,0.114776
23,0.097278
28,0.177074
27,0.108197
28,0.126959
28,0.086196
22,0.134512
23,0.130667
28,0.101567
27,0.111737
28,0.154347
28,0.139768
23,0.113885
23,0.063381
29,0.079717
27,0.150490
27,0.096447
28,0.112475
23,0.094888
23,0.107461
31,0.069921
29,0.120122
29,0.130028
29,0.095374
29,0.100262
23,0.095644
23,0.127676
23,0.100059
29,0.077629
28,0.120054
28,0.136998
23,0.188284
30,0.112020
29,0.083349
29,0.092945
27,0.130919
23,0.102119
23,0.082185
23,0.087181
29,0.121645
29,0.180661
23,0.141721
23,0.127183
23,0.118201
29,0.148239
22,0.114032
23,0.112482
23,0.171680
23,0.189094
23,0.141887
22,0.131102
29,0.128344
23,0.118799
22,0.078181
29,0.114636
29,0.107461
23,0.096607
23,0.097963
23,0.081467
29,0.103005
23,0.118340
23,0.116516
23,0.070867
22,0.090284
23,0.126559
23,0.069339
22,0.078299
22,0.086930
28,0.146484
28,0.107164
28,0.106569
22,0.129475
28,0.151055
29,0.107205
22,0.120010
22,0.094539
28,0.212260
28,0.095842
23,0.118559
22,0.132328
22,0.107821
22,0.104996
23,0.095645
23,0.062788
22,0.094656
22,0.129873
28,0.122135
22,0.142223
28,0.080849
22,0.120683
28,0.110927
28,0.160555
28,0.116868
28,0.091377
28,0.104663
28,0.097175
23,0.110417
28,0.082081
28,0.060634
28,0.083659
23,0.063162
30,0.085858
23,0.090971
28,0.110181
28,0.075368
28,0.108115
28,0.147997
28,0.097463
23,0.116012
28,0.115730
28,0.088257
28,0.072239
29,0.103444
28,0.102930
23,0.098713
28,0.127793
22,0.118433
28,0.097971
28,0.103712
23,0.108578
23,0.074216
23,0.133645
23,0.123245
23,0.079269
23,0.110125
22,0.125889
22,0.071528
23,0.100559
28,0.092322
22,0.156177
28,0.120929
22,0.073666
23,0.104185
29,0.118186
28,0.106655
23,0.108053
23,0.111452
28,0.099804
27,0.067418
29,0.070530
28,0.134608
22,0.122708
27,0.125786
29,0.156223
29,0.046047
29,0.123250
27,0.133114
26,0.117228
29,0.115473
29,0.081459
28,0.091441
28,0.107379
28,0.085607
23,0.077028
23,0.065077
28,0.124164
28,0.098794
28,0.097318
28,0.117435
28,0.108483
28,0.098189
28,0.081745
23,0.125842
23,0.075430
28,0.114587
28,0.075259
28,0.083418
23,0.129546
28,0.083267
22,0.132168
23,0.089284
28,0.075528
28,0.116589
28,0.156333
28,0.169087
28,0.082634
28,0.135062
28,0.107323
28,0.128060
22,0.102713
23,0.100701
28,0.207657
28,0.148202
22,0.156670
29,0.074458
23,0.102967
22,0.129804
28,0.142743
25,0.064575
28,0.092885
22,0.140185
22,0.156967
29,0.110923
28,0.076698
28,0.102281
28,0.084905
22,0.166387
22,0.114591
28,0.076856
28,0.097575
22,0.120110
22,0.099964
22,0.077656
23,0.119075
23,0.093189
22,0.115711
22,0.098360
22,0.116610
28,0.105996
22,0.106073
22,0.152629
22,0.090809
28,0.099462
28,0.115831
23,0.132096
23,0.081180
23,0.101965
23,0.105604
23,0.128526
28,0.115503
28,0.083867
28,0.071614
28,0.125434
23,0.109459
28,0.092433
23,0.103808
23,0.112014
23,0.106090
23,0.107479
23,0.094090
23,0.120985
23,0.110043
28,0.081604
28,0.111524
28,0.086418
23,0.139020
28,0.111168
28,0.099137
28,0.116657
23,0.106746
23,0.094227
22,0.072261
23,0.070557
22,0.177907
22,0.125605
22,0.067993
28,0.108615
23,0.085840
23,0.066200
28,0.102501
28,0.110250
28,0.136503
28,0.096980
28,0.074307
29,0.104043
28,0.091219
28,0.120143
28,0.077806
22,0.109612
22,0.120783
28,0.086262
23,0.084306
23,0.123889
22,0.075894
26,0.138483
22,0.075837
28,0.150256
28,0.108478
23,0.107730
22,0.145909
22,0.114421
22,0.142428
23,0.119494
22,0.159560
26,0.108102
22,0.110419
28,0.156751
23,0.102430
28,0.128009
26,0.083883
22,0.127161
23,0.120939
23,0.112504
28,0.122244
25,0.159755
25,0.168468
25,0.096005
28,0.126832
25,0.112752
26,0.077658
28,0.079959
28,0.098801
23,0.103501
26,0.094516
26,0.132139
28,0.116077
28,0.133760
22,0.076937
26,0.116702
26,0.181138
22,0.128380
28,0.126966
25,0.096164
25,0.170399
22,0.140859
22,0.142194
25,0.103209
26,0.134308
25,0.140958
22,0.096904
25,0.119531
26,0.160094
25,0.107106
22,0.107238
25,0.150798
24,0.138175
25,0.094241
28,0.099633
25,0.075407
24,0.113912
25,0.114966
28,0.107639
25,0.126810
24,0.102353
24,0.191609
25,0.151562
24,0.091070
24,0.148848
25,0.127737
25,0.156399
24,0.133589
24,0.099240
28,0.082244
25,0.093583
24,0.141860
24,0.173239
28,0.098597
26,0.089750
24,0.081531
24,0.103198
25,0.096485
24,0.184897
24,0.137086
24,0.092137
25,0.096545
24,0.129014
24,0.265285
22,0.195538
28,0.134196
24,0.207550
24,0.197714
22,0.131661
25,0.095706
24,0.283201
24,0.235014
25,0.139314
25,0.139135
24,0.317317
24,0.197306
25,0.090241
24,0.231195
24,0.351745
25,0.110564
28,0.125394
25,0.216193
25,0.192733
28,0.139070
26,0.173796
24,0.210314
21,0.138507
28,0.115185
25,0.110033
25,0.094587
25,0.140652
25,0.154390
28,0.121930
28,0.139755
22,0.104911
22,0.123329
28,0.104117
28,0.105448
28,0.085948
22,0.075839
23,0.103276
28,0.070740
23,0.145247
23,0.125591
22,0.101447
23,0.128067
21,0.176086
23,0.157332
23,0.143363
21,0.081578
21,0.093645
21,0.126576
21,0.099811
21,0.105619
21,0.068068
22,0.074521
21,0.107701
21,0.114110
21,0.080554
21,0.130006
21,0.098589
21,0.098259
22,0.060451
21,0.176450
21,0.121666
21,0.104143
21,0.091385
20,0.090731
20,0.100237
20,0.084366
21,0.078025
21,0.112888
21,0.075657
23,0.100108
22,0.159935
22,0.104056
21,0.073612
21,0.109647
21,0.119697
22,0.102042
21,0.085933
21,0.110629
21,0.082004
21,0.098116
20,0.090797
21,0.103921
21,0.115573
21,0.083848
21,0.097650
21,0.112128
21,0.055684
21,0.078610
21,0.111682
21,0.074537
21,0.111344
22,0.112207
21,0.102611
21,0.063685
21,0.093575
21,0.130033
21,0.143720
20,0.201612
21,0.085128
21,0.099032
20,0.094357
21,0.156190
21,0.106604
21,0.085277
20,0.069129
21,0.119352
21,0.140989
21,0.078980
21,0.099100
21,0.079917
21,0.084784
21,0.084758
21,0.105067
20,0.109336
20,0.088967
20,0.132063
21,0.168428
21,0.153346
20,0.170791
20,0.114643
21,0.125274
21,0.111766
21,0.115328
21,0.094742
21,0.129474
21,0.126926
20,0.112607
21,0.080458
20,0.092595
21,0.118418
20,0.156320
21,0.118394
21,0.112997
21,0.098001
21,0.103922
21,0.077094
21,0.102703
20,0.121041
20,0.101437
20,0.106134
21,0.155649
20,0.089983
20,0.104789
21,0.104417
20,0.133381
20,0.134565
21,0.096789
20,0.061982
20,0.103482
21,0.100379
21,0.120874
20,0.102286
20,0.066628
21,0.144391
21,0.130099
20,0.177439
20,0.095068
20,0.099427
21,0.094603
21,0.087430
21,0.118549
21,0.074079
20,0.124234
20,0.103467
20,0.128933
20,0.139413
21,0.124193
20,0.103096
20,0.099734
20,0.140038
20,0.104777
20,0.115329
21,0.123409
20,0.137188
20,0.098917
20,0.123683
21,0.071500
20,0.105270
20,0.129093
21,0.114656
20,0.075972
20,0.103784
20,0.075521
20,0.073078
20,0.083846
20,0.150426
20,0.127512
20,0.101931
20,0.142521
20,0.068618
21,0.110300
21,0.069691
21,0.103467
21,0.115249
21,0.108461
20,0.092105
20,0.075795
20,0.094180
20,0.078230
20,0.096430
20,0.092462
20,0.083525
20,0.088016
20,0.108888
20,0.115378
20,0.073514
20,0.141905
21,0.106756
21,0.114255
20,0.084253
21,0.081948
21,0.161654
20,0.115238
21,0.076254
20,0.100751
21,0.106285
20,0.131835
20,0.113594
20,0.122341
20,0.130027
21,0.087209
21,0.105711
21,0.126683
20,0.122920
20,0.132575
21,0.095572
21,0.117245
20,0.097380
21,0.074595
21,0.146811
20,0.157378
21,0.120680
20,0.097309
20,0.109888
20,0.073433
20,0.110497
20,0.134962
20,0.122035
20,0.094034
20,0.088149
20,0.107871
21,0.054264
21,0.072806
21,0.115806
20,0.113350
21,0.130789
22,0.133735
21,0.132173
20,0.119652
25,0.156666
21,0.067643
21,0.094314
20,0.085801
20,0.068626
20,0.092214
20,0.120989
20,0.077243
21,0.099223
20,0.113755
21,0.134427
21,0.114079
21,0.141982
21,0.146555
21,0.069440
21,0.063104
21,0.105063
20,0.123804
20,0.151123
20,0.096827
20,0.079770
20,0.115386
20,0.117610
20,0.103895
20,0.121884
22,0.103080
21,0.132212
20,0.099976
21,0.107506
21,0.105292
21,0.067267
21,0.058751
20,0.085944
21,0.108023
20,0.109403
20,0.133775
21,0.112715
21,0.110146
21,0.107366
20,0.111002
20,0.116668
21,0.075321
20,0.078743
21,0.122056
20,0.142218
20,0.101840
21,0.084662
21,0.097207
20,0.096951
19,0.142045
19,0.146976
20,0.154671
20,0.147342
20,0.090229
20,0.106191
19,0.088432
19,0.188586
20,0.099838
19,0.122273
20,0.119908
20,0.144976
19,0.083816
20,0.090440
20,0.091207
20,0.144642
20,0.060334
20,0.121806
20,0.118255
19,0.105842
20,0.093252
20,0.125350
19,0.088661
20,0.074693
20,0.095877
20,0.091115
20,0.081460
20,0.093530
20,0.103471
20,0.058971
20,0.066444
20,0.052942
19,0.111372
19,0.130845
20,0.117724
20,0.075265
20,0.065065
20,0.109579
20,0.099268
20,0.087416
19,0.082880
20,0.116971
20,0.079467
20,0.095374
20,0.089424
20,0.106275
20,0.110624
20,0.069218
20,0.121688
20,0.115601
20,0.098350
20,0.109354
20,0.179442
20,0.102216
20,0.134184
20,0.172981
20,0.071342
19,0.099272
20,0.122056
20,0.098464
20,0.073667
20,0.092573
20,0.076844
20,0.059844
20,0.059456
20,0.080859
20,0.090970
20,0.075828
20,0.122351
20,0.115387
20,0.085976
20,0.106005
20,0.098785
20,0.133445
20,0.130105
20,0.067590
20,0.062542
20,0.085063
19,0.122701
19,0.096354
20,0.099478
19,0.134497
20,0.083713
19,0.071211
20,0.106599
20,0.117355
20,0.102161
20,0.091777
20,0.071098
20,0.102497
20,0.061431
20,0.114395
20,0.087977
20,0.105417
20,0.094530
20,0.132887
20,0.123046
20,0.111693
20,0.169340
20,0.101594
20,0.100603
20,0.123474
20,0.092712
20,0.095021
20,0.086199
20,0.079529
20,0.125253
20,0.130799
20,0.090534
20,0.092348
20,0.087957
20,0.129186
20,0.220232
20,0.156328
20,0.136455
20,0.109002
20,0.083707
20,0.074999
20,0.074761
20,0.133465
20,0.112545
20,0.100218
20,0.142247
20,0.138083
20,0.112180
19,0.079945
20,0.085258
20,0.095312
20,0.148412
20,0.148228
20,0.084767
20,0.140062
20,0.103027
20,0.069712
20,0.053740
20,0.073606
20,0.099193
20,0.107562
20,0.122057
20,0.110577
20,0.139378
20,0.073925
20,0.148491
20,0.100702
20,0.149226
20,0.122964
20,0.118729
20,0.095498
20,0.090122
20,0.068253
20,0.118706
20,0.082352
20,0.083482
20,0.109234
20,0.079602
20,0.076243
20,0.093776
20,0.136269
20,0.084411
20,0.096081
20,0.077417
20,0.114733
20,0.162355
20,0.137018
20,0.083367
19,0.101753
20,0.068179
20,0.086154
20,0.112021
20,0.113559
20,0.142425
20,0.085761
20,0.117866
20,0.100512
20,0.084221
20,0.117330
20,0.138731
20,0.093820
19,0.160019
20,0.183517
20,0.136287
20,0.137359
20,0.107422
20,0.127239
20,0.128215
20,0.082253
20,0.148685
20,0.096234
20,0.114744
20,0.102694
20,0.092894
19,0.109922
19,0.082210
20,0.127506
20,0.102841
20,0.146720
20,0.102832
20,0.116728
20,0.134491
20,0.097133
19,0.118502
20,0.096522
20,0.088053
20,0.136874
19,0.096617
19,0.114585
19,0.100546
20,0.072964
20,0.108306
20,0.096528
20,0.136491
20,0.156272
19,0.133757
21,0.114955
20,0.061455
20,0.115785
20,0.081500
20,0.083213
20,0.061080
20,0.080130
20,0.094075
20,0.112149
20,0.107075
20,0.118290
20,0.087809
20,0.099908
20,0.069614
20,0.167183
20,0.104829
20,0.128695
20,0.139979
20,0.141848
20,0.102265
20,0.083327
20,0.108250
20,0.075134
20,0.074896
20,0.080145
20,0.118705
20,0.106177
19,0.131372
19,0.137485
20,0.147398
18,0.174446
19,0.119372
19,0.103633
20,0.099426
19,0.104773
19,0.121540
20,0.076417
20,0.070502
20,0.120809
20,0.116283
20,0.110530
20,0.135359
20,0.109467
20,0.074776
20,0.095695
19,0.101747
19,0.099908
20,0.103140
20,0.119462
20,0.084853
20,0.138173
20,0.117576
19,0.120029
20,0.051722
20,0.093151
20,0.065273
19,0.107668
20,0.086217
20,0.119717
20,0.159797
19,0.090649
19,0.082156
19,0.131455
20,0.127214
19,0.091334
20,0.132308
20,0.061798
20,0.108294
20,0.105859
20,0.095967
20,0.128469
19,0.103280
20,0.132510
20,0.189007
20,0.102445
20,0.060612
20,0.091879
19,0.081603
20,0.148411
19,0.163873
20,0.101119
19,0.144229
20,0.105807
20,0.171171
20,0.112974
19,0.088586
19,0.152013
20,0.071122
20,0.092425
19,0.072398
20,0.107989
31,0.089684
30,0.065273
30,0.096123
31,0.107687
30,0.110057
30,0.108223
31,0.105281
31,0.183970
31,0.109150
31,0.129543
31,0.096313
30,0.089587
31,0.078687
30,0.072806
27,0.072553
27,0.085896
30,0.088261
30,0.144206
29,0.072963
27,0.103718
27,0.081754
30,0.100709
30,0.099122
29,0.083263
27,0.105696
30,0.128910
30,0.075166
29,0.114796
30,0.122828
30,0.115269
30,0.077624
27,0.072358
27,0.090766
27,0.136297
30,0.119179
27,0.115595
27,0.110821
30,0.099156
27,0.088479
27,0.167950
30,0.201876
30,0.108786
27,0.114751
27,0.115606
29,0.131979
29,0.128362
27,0.107797
27,0.060310
29,0.091482
27,0.072269
27,0.112576
27,0.115618
29,0.161597
27,0.148855
27,0.209119
30,0.102886
27,0.127600
27,0.116582
29,0.151164
30,0.107245
27,0.073380
27,0.100040
29,0.077657
27,0.098969
27,0.156724
27,0.109383
27,0.172899
27,0.111101
27,0.096354
27,0.132332
27,0.074275
27,0.074137
27,0.079806
27,0.096754
27,0.052754
29,0.120268
27,0.097344
27,0.105496
27,0.108609
29,0.103230
27,0.119437
27,0.200352
27,0.116914
29,0.091394
27,0.091141
27,0.090250
30,0.133343
30,0.083988
30,0.134354
30,0.133665
30,0.105375
30,0.146447
30,0.102267
30,0.142902
30,0.101628
30,0.098061
31,0.104710
31,0.113567
30,0.097153
30,0.112730
31,0.109710
31,0.116275
30,0.119262
31,0.107984
31,0.120692
31,0.107573
31,0.098758
30,0.142347
30,0.115539
30,0.123650
30,0.130040
30,0.108234
30,0.118600
31,0.077310
31,0.136537
30,0.089282
30,0.095785
30,0.110504
31,0.096548
31,0.115200
31,0.120392
31,0.079657
31,0.074618
31,0.107485
30,0.114477
30,0.083324
31,0.143325
31,0.108044
30,0.118627
30,0.096150
31,0.086312
30,0.094121
31,0.069239
30,0.050792
30,0.107225
30,0.132616
25,0.231067
31,0.075946
31,0.061888
31,0.074336
31,0.135214
31,0.109568
31,0.071337
31,0.061637
31,0.097073
30,0.115180
31,0.034685
31,0.113480
31,0.106927
30,0.102786
31,0.076228
31,0.111082
31,0.134753
30,0.078248
30,0.083342
30,0.089940
29,0.102446
29,0.119306
30,0.115010
30,0.076579
29,0.115707
29,0.123765
30,0.059354
30,0.083515
30,0.086104
30,0.080893
31,0.110238
31,0.170013
29,0.109150
31,0.129692
31,0.097908
30,0.081063
30,0.089978
31,0.102708
31,0.109906
30,0.127530
30,0.064453
31,0.142286
31,0.104107
30,0.058523
31,0.081383
27,0.233510
31,0.088308
31,0.084598
31,0.106134
31,0.119258
31,0.099816
31,0.163948
31,0.165092
31,0.104780
31,0.059429
31,0.082939
31,0.094500
31,0.140541
30,0.086199
31,0.092724
31,0.102709
30,0.118865
30,0.092729
31,0.084166
30,0.108573
29,0.079714
31,0.101216
31,0.085672
30,0.096499
29,0.109844
31,0.067395
31,0.091218
29,0.135986
30,0.120510
31,0.119385
30,0.100719
29,0.062563
29,0.066285
31,0.090769
31,0.115980
29,0.151471
30,0.106230
31,0.057785
29,0.065867
29,0.074163
30,0.098469
31,0.073306
31,0.060642
29,0.083309
31,0.096647
31,0.102151
31,0.089902
31,0.104884
30,0.096113
31,0.101970
31,0.084022
31,0.130394
31,0.160432
31,0.104598
31,0.097374
30,0.089633
31,0.134945
31,0.094785
31,0.086164
31,0.084081
30,0.068071
31,0.076783
31,0.174917
31,0.059357
23,0.127893
31,0.104515
31,0.057652
30,0.088651
30,0.071103
30,0.078766
31,0.090022
30,0.097091
31,0.125027
31,0.081490
29,0.072103
30,0.123531
31,0.078019
31,0.070244
30,0.062417
31,0.058874
30,0.084125
30,0.078736
31,0.136842
31,0.114443
31,0.064492
31,0.065156
31,0.089097
31,0.110268
30,0.107234
31,0.050155
30,0.071111
30,0.118408
30,0.087685
30,0.114901
30,0.117679
30,0.118639
30,0.078170
29,0.066322
29,0.090907
29,0.113458
30,0.105817
31,0.094842
31,0.075744
30,0.097064
31,0.070379
31,0.089005
30,0.060385
30,0.079816
30,0.124901
31,0.089704
30,0.086524
30,0.099240
29,0.127545
30,0.082561
29,0.075630
30,0.108981
30,0.105077
30,0.097492
27,0.074278
30,0.094882
29,0.084631
29,0.128073
29,0.144869
29,0.089720
29,0.119431
27,0.114939
30,0.079506
30,0.083953
30,0.070700
29,0.119436
30,0.061958
29,0.060142
29,0.114986
27,0.106132
29,0.087872
29,0.108391
29,0.136328
29,0.107728
29,0.090052
29,0.124300
29,0.144588
29,0.187123
29,0.139146
29,0.083774
29,0.116935
27,0.115827
31,0.099714
29,0.113726
30,0.091491
30,0.126722
31,0.107917
30,0.089458
31,0.098300
30,0.150582
31,0.145247
31,0.094916
31,0.079401
31,0.102452
31,0.060850
31,0.100920
31,0.142557
31,0.144167
31,0.089038
30,0.108867
31,0.120810
31,0.107563
31,0.088688
31,0.069984
31,0.101247
31,0.117264
30,0.095940
31,0.140072
31,0.141214
30,0.118703
31,0.125117
31,0.097221
31,0.076957
31,0.149355
30,0.079647
30,0.123216
30,0.125975
30,0.102458
30,0.198682
30,0.221111
30,0.075075
29,0.092982
30,0.095141
30,0.080884
29,0.076110
30,0.125575
30,0.280361
30,0.304627
30,0.214840
30,0.279513
30,0.088380
29,0.153911
30,0.079241
31,0.081829
29,0.068051
29,0.124136
30,0.163234
30,0.351464
30,0.344965
30,0.171296
30,0.098491
29,0.072942
29,0.142406
30,0.113412
30,0.079526
27,0.141878
27,0.156727
30,0.102609
30,0.088817
30,0.151779
30,0.178202
30,0.146545
30,0.177241
30,0.131117
30,0.121882
30,0.111682
30,0.096645
30,0.121303
29,0.145174
30,0.205262
31,0.094958
30,0.108833
30,0.085843
31,0.075391
30,0.117429
30,0.168704
30,0.086342
30,0.124229
30,0.114572
30,0.141754
30,0.081774
30,0.089527
30,0.107026
30,0.090276
30,0.117551
30,0.118115
31,0.147724
31,0.133224
31,0.100060
31,0.084327
31,0.129226
31,0.133974
31,0.118374
31,0.127420
31,0.112769
31,0.080225
31,0.155478
31,0.130235
31,0.101637
31,0.145383
31,0.103850
31,0.095735
31,0.074917
31,0.099288
31,0.123287
31,0.102478
31,0.136332
31,0.099923
31,0.113156
31,0.093493
31,0.154069
31,0.109170
31,0.088629
30,0.105439
30,0.127709
30,0.076056
31,0.085345
31,0.072312
30,0.099526
31,0.097244
31,0.088463
31,0.070415
30,0.099567
29,0.131062
31,0.154014
31,0.117430
30,0.072628
30,0.085465
31,0.112433
31,0.141677
31,0.097638
30,0.091416
30,0.064314
31,0.129222
31,0.100076
30,0.092141
30,0.156326
31,0.107625
31,0.060705
30,0.096031
29,0.074294
30,0.099748
31,0.102483
31,0.134664
30,0.103296
30,0.145482
30,0.106023
31,0.072449
30,0.085198
30,0.080992
30,0.121029
30,0.087568
30,0.063467
30,0.145830
30,0.114443
30,0.083388
31,0.146918
29,0.089411
29,0.077701
29,0.048693
30,0.071540
29,0.084817
29,0.113786
31,0.112199
31,0.100591
29,0.146621
31,0.087025
30,0.120332
29,0.091655
30,0.125026
30,0.065272
30,0.054700
30,0.057552
30,0.134782
28,0.096323
30,0.171108
30,0.067733
30,0.064903
31,0.117067
23,0.166279
31,0.111045
30,0.088725
31,0.083870
31,0.135092
31,0.104817
31,0.099556
31,0.137180
31,0.080249
31,0.110438
31,0.099078
31,0.123256
31,0.101744
31,0.128555
31,0.108187
31,0.101946
31,0.124669
31,0.075586
30,0.089081
31,0.129570
31,0.107556
30,0.113048
30,0.110543
30,0.074567
30,0.081914
30,0.051526
30,0.063274
31,0.082511
29,0.077634
29,0.109786
30,0.088501
30,0.104601
29,0.069966
29,0.078274
29,0.126039
29,0.189678
31,0.142232
30,0.095651
29,0.149746
29,0.148861
29,0.065133
27,0.142042
27,0.110342
29,0.095457
29,0.166093
27,0.107644
29,0.103003
27,0.152244
27,0.116639
29,0.087730
29,0.068777
27,0.063219
26,0.109294
27,0.106641
27,0.074840
27,0.106657
27,0.114374
27,0.082916
26,0.091255
27,0.117189
27,0.097639
26,0.099855
26,0.143423
28,0.082334
26,0.093856
26,0.087254
28,0.075588
26,0.080647
26,0.117602
27,0.084211
26,0.058364
26,0.068831
26,0.081843
26,0.141376
26,0.113860
26,0.116391
26,0.086484
26,0.135156
26,0.097329
26,0.106241
26,0.144922
26,0.130925
26,0.083814
26,0.130757
26,0.170690
26,0.078890
26,0.131490
26,0.147203
26,0.123742
26,0.071717
26,0.122615
26,0.072958
26,0.117162
26,0.102228
26,0.098966
26,0.082847
26,0.079157
26,0.110274
26,0.080358
26,0.113068
26,0.085016
26,0.079923
26,0.153660
26,0.146886
26,0.060084
26,0.103068
26,0.099999
26,0.091802
26,0.067142
26,0.082351
27,0.124683
25,0.139111
25,0.159668
28,0.071983
28,0.124491
25,0.109096
28,0.081594
28,0.089752
28,0.150795
23,0.156167
23,0.114376
28,0.145833
28,0.174872
23,0.183384
23,0.136086
29,0.120633
28,0.089541
23,0.082444
31,0.098191
31,0.098667
31,0.142743
31,0.102111
31,0.132777
23,0.141696
25,0.330803
23,0.442126
23,0.275941
23,0.174719
28,0.197100
23,0.148295
31,0.083177
31,0.088244
31,0.068935
31,0.095786
30,0.082919
31,0.099316
31,0.171729
30,0.104521
30,0.171278
31,0.188550
31,0.077907
30,0.077810
30,0.096020
30,0.141461
30,0.117548
30,0.098135
30,0.117254
31,0.102905
31,0.100922
31,0.055053
31,0.108800
31,0.119233
31,0.084113
30,0.140395
29,0.082799
30,0.099968
31,0.088070
30,0.099109
30,0.114970
31,0.082148
31,0.125995
30,0.092894
30,0.078820
31,0.101926
31,0.087792
29,0.068940
30,0.080661
30,0.065174
30,0.084340
30,0.124141
29,0.121711
30,0.088494
31,0.114201
29,0.141410
29,0.129662
30,0.130481
30,0.084722
29,0.160335
29,0.144202
30,0.084307
30,0.078290
29,0.107248
29,0.107449
30,0.147566
30,0.156088
30,0.188309
29,0.157693
30,0.078613
29,0.095390
29,0.137401
29,0.110719
29,0.083999
30,0.074343
30,0.072843
30,0.096033
30,0.094392
30,0.085849
30,0.130438
29,0.101345
30,0.081322
30,0.123854
30,0.126866
30,0.097376
31,0.118109
31,0.094560
30,0.107230
30,0.089880
30,0.119936
30,0.067900
30,0.086485
30,0.107161
28,0.130377
30,0.142350
30,0.090535
23,0.057612
31,0.070413
30,0.078609
31,0.065357
31,0.149427
31,0.105056
31,0.092289
31,0.132555
30,0.090929
30,0.103337
31,0.106383
31,0.128010
30,0.093154
30,0.147731
30,0.109595
30,0.154971
30,0.085286
30,0.091113
30,0.150591
30,0.112473
31,0.110633
31,0.131530
31,0.134726
31,0.137903
31,0.090556
30,0.122127
30,0.140446
31,0.094612
23,0.127201
23,0.141901
23,0.134263
23,0.096546
23,0.104699
23,0.095265
23,0.141822
23,0.130040
23,0.069262
23,0.101748
23,0.128957
23,0.095089
23,0.081934
30,0.146080
23,0.080802
23,0.091259
23,0.074565
28,0.182269
23,0.140497
23,0.110587
23,0.106861
23,0.089067
23,0.137034
23,0.124459
23,0.079778
23,0.129720
29,0.095167
23,0.121439
23,0.130063
21,0.104188
23,0.098969
23,0.096270
23,0.071502
23,0.112841
23,0.105947
23,0.122331
23,0.100270
23,0.202339
28,0.127231
22,0.120224
23,0.094450
23,0.075898
23,0.105222
29,0.131504
23,0.138237
28,0.162418
22,0.130570
23,0.113076
23,0.092582
28,0.109338
22,0.086308
23,0.074137
22,0.106693
22,0.138024
23,0.122378
23,0.140173
28,0.094520
22,0.072223
23,0.069911
23,0.093937
22,0.091872
23,0.091728
23,0.104990
22,0.111603
22,0.110355
23,0.088593
23,0.127168
28,0.115287
22,0.197939
23,0.105034
22,0.112735
22,0.086737
23,0.112564
23,0.092707
22,0.155758
23,0.096780
23,0.084985
23,0.071633
23,0.126195
23,0.096848
23,0.119223
30,0.119185
30,0.083051
30,0.132884
30,0.129167
29,0.140685
23,0.094288
30,0.125536
23,0.101220
23,0.079190
23,0.078204
23,0.102337
23,0.097896
30,0.111845
23,0.084116
23,0.139309
23,0.070759
23,0.092689
30,0.071752
30,0.141456
23,0.184104
22,0.096924
23,0.097121
31,0.067189
23,0.091798
23,0.090621
30,0.141535
30,0.123327
23,0.151188
22,0.110008
23,0.098143
23,0.096952
23,0.079530
22,0.093851
23,0.074664
23,0.077077
23,0.078139
22,0.135393
23,0.116037
23,0.073958
23,0.061520
30,0.172633
22,0.192297
23,0.105407
23,0.131319
28,0.131192
28,0.092550
23,0.110296
23,0.074922
22,0.120807
22,0.160365
22,0.112802
22,0.105817
22,0.132174
22,0.123527
22,0.155070
22,0.095484
22,0.158359
22,0.088175
22,0.091435
23,0.100777
23,0.095973
22,0.124298
22,0.072055
23,0.072585
22,0.113699
22,0.090837
22,0.087890
28,0.075457
22,0.050441
22,0.158771
22,0.111105
27,0.144868
27,0.164686
27,0.135037
27,0.202357
27,0.217379
27,0.153725
27,0.138926
27,0.139626
27,0.176319
27,0.111959
27,0.176278
27,0.214391
27,0.155748
27,0.195023
30,0.120606
30,0.071836
22,0.148360
27,0.163408
29,0.139695
27,0.125487
30,0.139254
30,0.124364
29,0.107536
22,0.167072
30,0.135141
30,0.157567
22,0.205876
22,0.138877
22,0.164596
22,0.156517
23,0.109544
23,0.102064
23,0.111443
23,0.074482
23,0.107897
23,0.136630
23,0.090292
30,0.108052
30,0.109622
31,0.101482
23,0.095743
23,0.063676
23,0.101645
23,0.083893
23,0.148479
30,0.121193
23,0.090609
23,0.072236
23,0.144649
23,0.079936
23,0.080654
23,0.085068
23,0.116447
23,0.066132
23,0.119607
22,0.101330
23,0.100646
23,0.159832
23,0.109045
23,0.092430
22,0.079090
23,0.066757
23,0.071295
22,0.100543
23,0.082684
23,0.154732
28,0.101622
30,0.135918
23,0.071238
23,0.083613
22,0.058549
22,0.089341
22,0.074763
23,0.121540
22,0.130674
25,0.114234
22,0.123045
22,0.102745
22,0.109032
22,0.089356
22,0.125886
25,0.129265
26,0.162592
26,0.133355
22,0.058028
22,0.119239
26,0.141233
22,0.178096
23,0.093264
22,0.110508
22,0.109058
22,0.084462
30,0.085087
22,0.191459
25,0.142072
22,0.133216
23,0.080617
26,0.136901
22,0.072691
23,0.072688
22,0.107693
22,0.104306
22,0.101230
22,0.130881
25,0.116437
22,0.106948
23,0.073643
22,0.075517
22,0.089616
22,0.108629
22,0.141578
22,0.216836
23,0.076628
22,0.078905
27,0.142908
22,0.088293
22,0.051689
25,0.120448
25,0.117527
23,0.080064
25,0.162349
25,0.135123
23,0.089412
22,0.140093
22,0.123495
22,0.084282
22,0.119579
21,0.124120
23,0.118611
23,0.098337
23,0.113254
23,0.107126
23,0.114581
23,0.136887
23,0.111575
23,0.100320
23,0.096572
23,0.103344
23,0.109235
23,0.138316
31,0.113635
31,0.164088
30,0.151985
23,0.091184
28,0.082584
31,0.098787
31,0.126744
29,0.096592
31,0.164904
31,0.117923
28,0.103355
23,0.087980
23,0.114777
23,0.124384
31,0.072049
31,0.105590
29,0.081946
28,0.097168
30,0.170763
28,0.100401
28,0.182727
30,0.105380
27,0.086040
28,0.132783
28,0.115027
28,0.095837
28,0.076050
28,0.115175
22,0.210634
25,0.112055
28,0.111938
28,0.099149
28,0.062828
25,0.088229
28,0.117297
28,0.123509
28,0.106950
23,0.081828
28,0.089866
28,0.107909
28,0.091554
28,0.104589
28,0.106684
28,0.081281
27,0.123473
28,0.064574
28,0.068221
28,0.076131
28,0.145682
29,0.127350
28,0.079022
28,0.110003
25,0.149002
25,0.170534
28,0.098776
28,0.100650
28,0.106662
25,0.071773
28,0.146642
28,0.107915
28,0.148512
28,0.114074
25,0.119827
23,0.101019
23,0.064248
28,0.098355
22,0.125138
25,0.102270
28,0.096605
29,0.092988
25,0.163585
26,0.188568
26,0.127877
25,0.139779
28,0.083230
25,0.101101
25,0.083545
25,0.154626
25,0.150723
25,0.114393
26,0.078295
26,0.122471
28,0.105407
27,0.109182
27,0.099742
26,0.105576
26,0.122469
22,0.158483
27,0.132374
22,0.085411
22,0.098860
25,0.126235
22,0.132977
28,0.101220
25,0.071660
25,0.093838
25,0.136895
28,0.090642
28,0.105863
25,0.149846
25,0.077332
25,0.081030
28,0.118838
28,0.109666
25,0.109319
25,0.086288
28,0.084051
28,0.146160
28,0.110474
28,0.085219
28,0.115003
28,0.123671
28,0.112115
28,0.118457
28,0.074166
30,0.124455
30,0.115676
28,0.098337
30,0.100244
30,0.074989
30,0.081566
30,0.103827
31,0.096992
31,0.116656
31,0.085743
31,0.069255
31,0.072247
28,0.070892
28,0.135479
29,0.199692
28,0.166179
28,0.121931
28,0.122662
31,0.099742
23,0.123279
28,0.131995
31,0.142852
29,0.094504
28,0.130452
28,0.125295
31,0.079173
29,0.098278
23,0.118933
23,0.139635
29,0.071895
28,0.088006
28,0.135216
29,0.090315
29,0.075881
22,0.109294
28,0.162964
31,0.102916
28,0.089375
28,0.121953
23,0.131245
28,0.141218
28,0.122717
25,0.116167
23,0.170377
28,0.158565
25,0.156086
28,0.154004
28,0.082180
28,0.094382
25,0.083876
25,0.177304
28,0.170267
28,0.134191
25,0.111552
25,0.162825
25,0.173937
28,0.078581
25,0.087576
21,0.111421
31,0.102268
28,0.078011
25,0.162397
25,0.158291
28,0.140419
28,0.097228
25,0.167971
24,0.144918
25,0.147924
28,0.120623
24,0.112519
24,0.078582
25,0.165440
28,0.120455
27,0.216673
24,0.136944
24,0.160539
25,0.110060
28,0.098686
25,0.155427
25,0.116516
25,0.202974
25,0.204613
25,0.124357
24,0.158297
24,0.204770
25,0.159831
28,0.060644
25,0.122014
24,0.110189
25,0.138362
28,0.071248
24,0.183827
24,0.212550
24,0.183977
28,0.133646
25,0.119040
24,0.086547
24,0.189475
28,0.131447
27,0.168207
24,0.111367
24,0.175491
28,0.156275
26,0.100080
24,0.103751
24,0.141121
25,0.131298
25,0.169126
24,0.184485
25,0.172059
25,0.134869
28,0.123634
24,0.261874
24,0.373185
24,0.260765
25,0.151433
25,0.177270
25,0.224686
25,0.206605
25,0.076423
25,0.113323
24,0.252889
24,0.217763
25,0.131018
28,0.090189
28,0.130680
25,0.099323
25,0.137724
23,0.150938
31,0.180253
25,0.137786
25,0.163970
25,0.182955
28,0.094967
25,0.153636
25,0.173807
25,0.136455
28,0.117061
28,0.108114
28,0.098017
28,0.132921
28,0.113151
25,0.154644
23,0.098827
23,0.069569
23,0.132864
23,0.101559
23,0.107005
23,0.142150
31,0.106980
23,0.071448
23,0.123826
22,0.106361
23,0.099325
23,0.103535
23,0.084276
23,0.060054
23,0.103230
28,0.060350
22,0.097994
23,0.085077
23,0.084156
22,0.125971
25,0.152780
23,0.159884
23,0.128972
22,0.125204
22,0.111795
23,0.110696
23,0.107726
22,0.136198
23,0.094123
22,0.097513
23,0.079065
22,0.097655
22,0.138013
23,0.121204
23,0.085120
22,0.125639
25,0.230921
23,0.080408
23,0.094495
22,0.085866
25,0.113853
28,0.134793
23,0.093680
23,0.098609
27,0.116794
28,0.078504
23,0.096516
22,0.110407
25,0.157477
22,0.118663
22,0.134388
25,0.105300
24,0.135481
25,0.095917
25,0.070294
24,0.087755
25,0.121456
25,0.125979
24,0.103481
24,0.120566
25,0.090407
25,0.092051
24,0.148605
24,0.172656
25,0.103815
24,0.116846
24,0.180147
25,0.127472
20,0.090798
24,0.085309
24,0.229250
25,0.115956
24,0.098794
24,0.145587
25,0.089161
25,0.124522
24,0.188538
25,0.173622
24,0.135770
24,0.169538
24,0.124271
24,0.111658
24,0.183928
24,0.145807
24,0.130273
24,0.125667
25,0.185351
25,0.122466
24,0.134020
25,0.162172
25,0.136595
24,0.087559
24,0.130761
25,0.076236
24,0.144472
24,0.121071
25,0.110517
24,0.101327
24,0.094047
25,0.104163
24,0.151045
24,0.254409
25,0.237139
24,0.127929
24,0.141230
25,0.147116
24,0.186395
24,0.134223
24,0.100985
24,0.120793
24,0.127927
25,0.169851
25,0.105462
24,0.136262
25,0.183781
25,0.149937
24,0.114091
25,0.081456
25,0.108916
24,0.144703
24,0.086955
24,0.108622
24,0.107389
24,0.091914
25,0.091238
24,0.086949
24,0.108411
25,0.108157
24,0.128953
24,0.159851
25,0.095665
24,0.118319
24,0.128113
25,0.118096
28,0.129134
26,0.064015
26,0.105411
22,0.081077
25,0.108048
26,0.145193
25,0.194517
25,0.166115
26,0.165166
26,0.107448
22,0.084193
22,0.085214
28,0.145652
28,0.179266
28,0.109299
25,0.116509
22,0.080474
22,0.075195
23,0.143776
30,0.124145
23,0.128194
23,0.088027
30,0.121210
23,0.077834
23,0.110707
23,0.088015
23,0.114621
23,0.125224
23,0.166695
23,0.084762
23,0.136484
23,0.127114
22,0.161384
23,0.077039
23,0.106647
23,0.113311
22,0.147566
22,0.108005
23,0.109208
22,0.139191
26,0.210097
26,0.084938
23,0.103854
23,0.128612
26,0.141954
25,0.070836
22,0.095675
23,0.116145
22,0.102624
25,0.137890
25,0.099634
22,0.130140
22,0.085989
24,0.130946
25,0.168570
25,0.155451
23,0.172067
25,0.159662
24,0.193729
25,0.179486
22,0.092627
28,0.094117
24,0.086732
25,0.213626
25,0.114985
22,0.125798
25,0.078027
24,0.171599
25,0.172307
22,0.135580
22,0.087114
24,0.130279
24,0.180855
25,0.115241
28,0.166945
24,0.138726
24,0.210294
25,0.096682
28,0.137117
26,0.155769
24,0.124956
25,0.111490
25,0.180297
24,0.111557
24,0.158619
25,0.190852
25,0.141794
24,0.141050
24,0.131765
25,0.130051
25,0.145594
24,0.128286
24,0.166123
25,0.114352
25,0.103055
24,0.144131
25,0.114149
25,0.104836
24,0.130582
24,0.144411
25,0.070908
24,0.173997
24,0.104401
24,0.085306
25,0.090683
24,0.143011
24,0.129631
25,0.168704
25,0.220327
24,0.168361
25,0.125903
25,0.124091
24,0.150037
24,0.124274
25,0.096453
24,0.189419
24,0.189774
24,0.100254
25,0.103817
24,0.211617
24,0.148509
24,0.103897
25,0.119332
24,0.164086
24,0.119437
25,0.061605
25,0.204841
24,0.171932
25,0.140681
25,0.108153
24,0.120555
24,0.116432
24,0.092832
24,0.140710
24,0.152403
25,0.133692
25,0.129282
24,0.074277
24,0.102761
24,0.098369
24,0.113011
24,0.081997
24,0.120448
25,0.085356
24,0.132741
24,0.111262
25,0.111916
24,0.141120
24,0.075031
25,0.097662
21,0.156375
24,0.106878
24,0.118733
25,0.147018
24,0.114149
24,0.156710
24,0.184685
25,0.108017
25,0.117890
25,0.155261
22,0.102663
25,0.154381
25,0.143918
23,0.085125
22,0.116459
22,0.073377
22,0.117278
22,0.097313
22,0.089918
28,0.089687
28,0.123235
22,0.078116
28,0.115465
23,0.126704
23,0.135252
23,0.090663
23,0.082890
23,0.143698
21,0.078560
21,0.063385
21,0.091446
21,0.110518
21,0.084782
21,0.065342
21,0.110187
21,0.063690
21,0.091033
21,0.064145
21,0.116469
21,0.105753
21,0.071958
21,0.057794
22,0.106635
21,0.089399
21,0.086804
21,0.096431
22,0.121910
21,0.070345
21,0.071368
21,0.085008
21,0.096249
22,0.103345
21,0.087797
21,0.145603
21,0.137810
21,0.129778
22,0.118747
21,0.094362
21,0.103253
22,0.095800
22,0.093606
22,0.090545
21,0.088030
21,0.100855
22,0.156084
21,0.104767
21,0.105295
22,0.082931
22,0.163773
22,0.109758
22,0.127683
22,0.077349
22,0.108070
21,0.119170
21,0.097975
22,0.098534
22,0.123242
20,0.153442
22,0.107863
21,0.063094
25,0.138551
25,0.161304
22,0.118062
21,0.109146
22,0.092335
25,0.187756
22,0.179711
22,0.117591
22,0.117638
25,0.123282
25,0.173029
25,0.160637
21,0.137264
25,0.135672
25,0.175320
25,0.150709
22,0.157468
25,0.146705
25,0.138751
24,0.225334
21,0.097544
21,0.077321
22,0.082710
26,0.092591
21,0.100484
21,0.097154
21,0.087133
25,0.118877
21,0.090778
21,0.114417
21,0.069693
22,0.062266
22,0.084870
21,0.077419
21,0.077893
21,0.070528
21,0.074533
21,0.096244
21,0.113277
21,0.127648
21,0.095681
21,0.122509
21,0.131889
21,0.083121
21,0.070962
21,0.119246
21,0.108693
21,0.064444
21,0.126757
21,0.058721
21,0.078112
21,0.116906
21,0.086845
21,0.086070
21,0.097060
21,0.080892
21,0.101250
21,0.109352
21,0.107773
21,0.105737
28,0.126871
21,0.108888
21,0.128742
21,0.115771
21,0.110031
22,0.093195
23,0.139669
21,0.113900
22,0.114535
21,0.118232
21,0.053787
21,0.101373
21,0.077677
22,0.112498
21,0.150290
21,0.105131
21,0.092004
21,0.089920
21,0.094731
21,0.056988
22,0.128275
21,0.137622
21,0.084761
21,0.082137
21,0.127243
21,0.102260
21,0.100540
21,0.108189
21,0.064398
21,0.093003
21,0.066638
21,0.069183
21,0.067999
21,0.100344
22,0.080474
21,0.077931
21,0.087376
21,0.091312
22,0.110871
21,0.078213
21,0.093308
23,0.109515
23,0.115198
22,0.076509
21,0.095180
21,0.103824
21,0.095754
21,0.157622
22,0.122395
21,0.049033
21,0.096658
22,0.094782
22,0.082443
22,0.110060
23,0.122478
23,0.126338
22,0.170486
22,0.111266
21,0.083190
21,0.111457
22,0.132126
22,0.102238
21,0.119301
21,0.093195
22,0.104690
22,0.096475
21,0.087156
21,0.086611
22,0.104507
22,0.095393
22,0.048166
21,0.100172
22,0.123452
21,0.113590
22,0.128004
21,0.082182
21,0.087647
22,0.093743
21,0.144699
21,0.140439
21,0.088219
21,0.133038
21,0.128935
23,0.076670
21,0.076341
21,0.069641
21,0.093750
21,0.077728
21,0.098663
21,0.099971
21,0.112423
21,0.092742
22,0.094912
21,0.124237
23,0.125927
21,0.070894
21,0.067268
21,0.102697
21,0.118912
21,0.121085
21,0.114944
21,0.092474
21,0.087295
21,0.081981
21,0.117628
21,0.098491
21,0.119149
21,0.138882
21,0.089935
21,0.100671
21,0.097827
21,0.129773
21,0.106932
21,0.126442
21,0.108976
21,0.098981
21,0.112412
21,0.131170
21,0.122172
21,0.116184
21,0.083170
21,0.091548
21,0.133267
21,0.086869
21,0.089419
21,0.079863
22,0.124731
21,0.116498
21,0.079940
21,0.097627
21,0.149773
21,0.109430
22,0.085233
21,0.089188
21,0.090395
21,0.092983
21,0.095180
21,0.114767
21,0.101168
21,0.071716
21,0.122987
22,0.139625
22,0.118171
22,0.087165
21,0.079905
21,0.122493
21,0.107003
21,0.156396
21,0.091299
21,0.079912
22,0.069337
21,0.096445
21,0.133681
21,0.094076
21,0.106681
21,0.076521
21,0.085412
22,0.091932
21,0.082794
21,0.085585
21,0.109835
22,0.080081
22,0.056860
22,0.114258
21,0.078537
21,0.084969
21,0.085814
21,0.161382
28,0.134145
21,0.071239
21,0.088127
21,0.122133
21,0.097390
22,0.105381
21,0.113521
21,0.065875
22,0.112008
21,0.070605
21,0.095511
21,0.125957
21,0.101455
21,0.140762
21,0.098921
21,0.117222
21,0.160932
23,0.113064
21,0.109926
21,0.099623
21,0.065232
21,0.079020
21,0.101465
21,0.076671
21,0.128193
21,0.112951
21,0.067270
21,0.088981
21,0.058546
23,0.133026
21,0.094003
21,0.099557
21,0.119523
21,0.075766
21,0.132463
21,0.086728
21,0.075247
21,0.093476
21,0.085262
22,0.070313
21,0.077604
21,0.086965
21,0.070226
22,0.083857
21,0.124069
21,0.118239
21,0.098059
21,0.115431
21,0.120883
21,0.098324
21,0.112681
21,0.092010
20,0.151215
21,0.077063
21,0.086612
21,0.087481
21,0.134308
21,0.107495
21,0.103428
21,0.135361
20,0.157850
21,0.104484
21,0.079763
20,0.092231
21,0.112605
21,0.087339
21,0.081782
21,0.087237
21,0.097590
21,0.069586
21,0.117772
21,0.071388
21,0.108022
21,0.113605
21,0.109362
21,0.107974
21,0.110017
21,0.087346
21,0.091426
21,0.122227
21,0.085247
21,0.097591
21,0.050333
21,0.057608
21,0.107384
21,0.080907
21,0.103552
21,0.056562
21,0.098199
21,0.101209
21,0.063217
21,0.115114
21,0.141479
21,0.071048
21,0.073774
21,0.108648
21,0.096962
21,0.071500
21,0.122642
21,0.096034
22,0.069145
21,0.118316
21,0.072921
21,0.159430
21,0.122341
21,0.079995
21,0.059338
21,0.111459
21,0.124868
21,0.121187
21,0.087000
21,0.092234
21,0.114414
21,0.074390
21,0.062664
21,0.112459
21,0.117246
21,0.112458
21,0.092511
21,0.099526
21,0.096228
21,0.099479
21,0.104960
21,0.104448
21,0.121044
21,0.092476
29,0.110045
23,0.087090
28,0.098688
31,0.107246
31,0.088228
29,0.105761
28,0.167922
31,0.114571
31,0.100445
31,0.087269
31,0.109895
23,0.106775
30,0.097576
31,0.106891
23,0.081962
31,0.120851
31,0.098908
23,0.080122
31,0.114453
31,0.099988
31,0.110954
31,0.085348
31,0.101948
31,0.117349
29,0.121579
31,0.095651
31,0.127263
31,0.085174
31,0.110459
31,0.118106
31,0.091274
31,0.136290
28,0.136587
28,0.165393
28,0.136772
29,0.105336
28,0.117055
25,0.141590
28,0.125934
31,0.076214
28,0.078944
28,0.082262
28,0.125401
31,0.136181
29,0.099071
28,0.103175
28,0.125903
31,0.087191
28,0.106458
28,0.095189
28,0.082685
23,0.082355
29,0.131108
28,0.098735
28,0.098862
28,0.094075
25,0.104563
28,0.074916
28,0.095104
28,0.111802
28,0.153138
25,0.136607
25,0.150767
28,0.189096
28,0.082627
28,0.087234
28,0.143780
28,0.116840
25,0.156773
25,0.144984
28,0.096516
28,0.092382
25,0.135738
25,0.104239
28,0.125747
28,0.094359
25,0.109013
25,0.133072
28,0.120807
28,0.064678
25,0.153170
28,0.150028
28,0.147097
28,0.130826
28,0.101564
25,0.170134
28,0.200069
31,0.077174
28,0.124946
28,0.105174
28,0.163404
28,0.109337
28,0.141308
28,0.142171
28,0.140880
28,0.089938
28,0.108306
25,0.160716
25,0.115087
28,0.167974
28,0.086085
28,0.087622
28,0.150041
28,0.228537
29,0.133950
29,0.086878
28,0.073212
23,0.128093
30,0.094708
28,0.167001
28,0.128383
31,0.087013
31,0.140759
31,0.099754
31,0.102980
31,0.163299
31,0.100898
31,0.094688
31,0.110092
31,0.108379
29,0.119138
31,0.075158
31,0.091054
31,0.122899
31,0.096186
31,0.079485
31,0.088163
31,0.102511
31,0.081820
28,0.064752
31,0.091878
31,0.079008
31,0.104281
31,0.104241
31,0.135231
31,0.105859
31,0.181668
31,0.060460
31,0.137833
29,0.103802
31,0.073822
31,0.147579
28,0.182488
30,0.100865
31,0.078584
31,0.094459
31,0.106135
31,0.106700
31,0.063710
31,0.096406
31,0.049100
31,0.108357
31,0.087953
29,0.081413
29,0.108059
31,0.121167
31,0.095130
29,0.064284
29,0.105117
31,0.101245
31,0.090642
29,0.117285
29,0.106042
31,0.117068
31,0.111211
29,0.092561
29,0.094373
29,0.087075
29,0.134282
29,0.114463
29,0.114140
29,0.068871
31,0.110177
29,0.068261
29,0.087911
29,0.088232
31,0.102641
29,0.076476
29,0.110834
29,0.149856
31,0.148463
31,0.084870
29,0.111766
29,0.170119
31,0.123983
28,0.168648
27,0.157026
29,0.084787
23,0.103397
29,0.104793
29,0.067877
27,0.099281
27,0.136266
31,0.148376
29,0.131881
29,0.149231
29,0.073355
30,0.074402
31,0.115435
29,0.071116
27,0.118454
29,0.173235
29,0.106287
31,0.069236
30,0.093798
27,0.137466
28,0.104718
31,0.078333
31,0.085195
29,0.069964
29,0.131104
29,0.109282
31,0.068613
29,0.085097
29,0.139177
28,0.067448
29,0.113586
31,0.088290
29,0.094694
29,0.070735
29,0.086206
23,0.181878
31,0.105628
31,0.126432
27,0.102944
29,0.126634
28,0.115782
25,0.157877
29,0.087335
29,0.087752
31,0.068449
29,0.110277
29,0.118970
31,0.084831
31,0.101859
29,0.082966
31,0.107788
31,0.104827
31,0.189167
31,0.196476
31,0.103447
31,0.121473
31,0.125152
31,0.119189
31,0.115106
31,0.109628
31,0.102130
31,0.065883
31,0.167044
31,0.087333
31,0.131211
31,0.104753
31,0.074347
31,0.167970
29,0.083682
31,0.102734
29,0.110822
31,0.122879
31,0.078184
31,0.081026
29,0.103739
31,0.066584
29,0.051424
29,0.097242
29,0.117285
31,0.094502
29,0.097633
29,0.091789
29,0.103256
29,0.056992
28,0.063747
28,0.103302
29,0.119649
28,0.137842
28,0.106634
29,0.071214
28,0.069211
28,0.136546
28,0.142589
28,0.069532
28,0.132953
28,0.089428
28,0.097673
28,0.099689
28,0.113925
28,0.119119
29,0.099779
28,0.113767
28,0.069541
28,0.070881
28,0.112187
28,0.136414
28,0.114887
28,0.140974
28,0.159124
28,0.146542
29,0.091337
29,0.099758
28,0.124026
28,0.149721
28,0.086481
28,0.126674
28,0.108612
28,0.128370
28,0.107619
25,0.131794
22,0.098963
28,0.085309
28,0.096676
28,0.101948
28,0.107474
28,0.108022
28,0.109663
28,0.128683
28,0.114186
28,0.117103
28,0.123634
23,0.113930
28,0.120012
28,0.172937
28,0.096247
28,0.111964
28,0.115545
28,0.112292
28,0.108687
28,0.056693
29,0.088050
28,0.071695
28,0.129472
23,0.133410
28,0.121970
29,0.115583
28,0.086280
28,0.110200
31,0.115193
31,0.096834
31,0.060589
31,0.181447
31,0.120371
31,0.090576
31,0.119089
31,0.087206
31,0.087533
31,0.123364
31,0.145915
31,0.088854
31,0.116999
31,0.098068
31,0.139967
31,0.084932
30,0.084862
31,0.109672
31,0.114164
31,0.081666
31,0.057945
31,0.079135
31,0.081361
31,0.141842
31,0.101590
31,0.154627
31,0.110864
29,0.138897
31,0.136073
31,0.073086
29,0.113481
31,0.086366
29,0.110731
23,0.099968
31,0.097731
31,0.101399
29,0.080848
23,0.076483
23,0.118043
31,0.117591
29,0.097176
29,0.111832
29,0.148595
31,0.133599
31,0.101143
29,0.096309
29,0.076669
31,0.131345
31,0.112534
31,0.150285
29,0.093463
31,0.097915
31,0.119324
31,0.101800
29,0.069420
29,0.091885
29,0.092606
31,0.096313
31,0.073835
29,0.089890
29,0.094117
31,0.058602
23,0.111726
29,0.111043
29,0.075008
31,0.073624
23,0.145112
28,0.148900
29,0.121696
29,0.076607
31,0.091725
31,0.088829
29,0.088245
29,0.113418
29,0.080919
23,0.108650
29,0.075633
29,0.084294
29,0.064998
29,0.107313
29,0.080529
29,0.104187
29,0.093830
31,0.051417
29,0.110616
29,0.120703
28,0.125697
23,0.125669
28,0.092743
27,0.119240
28,0.101525
28,0.061370
28,0.110789
29,0.058578
29,0.127554
29,0.115933
29,0.048842
29,0.078108
27,0.090497
29,0.092315
29,0.082193
29,0.115420
27,0.079149
28,0.106972
28,0.156708
29,0.152869
29,0.115545
27,0.093107
28,0.085957
28,0.094182
29,0.082143
29,0.166135
29,0.157047
29,0.150373
29,0.081677
29,0.104527
29,0.146872
28,0.202079
28,0.088362
29,0.120763
27,0.110432
29,0.142688
31,0.111618
31,0.082246
23,0.124260
29,0.102168
29,0.092911
29,0.082831
29,0.103191
29,0.093425
27,0.130989
27,0.068231
27,0.118960
29,0.073057
29,0.081739
28,0.110568
29,0.126095
29,0.129017
29,0.114639
28,0.107098
29,0.093928
29,0.101214
31,0.083322
30,0.153399
29,0.107220
31,0.081734
29,0.071106
29,0.078573
31,0.121998
28,0.127517
28,0.116203
29,0.135440
31,0.096561
31,0.084096
31,0.110382
31,0.090166
31,0.080371
31,0.083141
31,0.107039
31,0.084607
31,0.064575
30,0.083975
31,0.142049
31,0.149730
31,0.084027
31,0.078775
28,0.094346
31,0.093573
31,0.098930
31,0.110138
31,0.108729
31,0.101519
29,0.127219
29,0.113447
29,0.183308
28,0.086619
31,0.127338
29,0.095868
28,0.115056
28,0.131299
29,0.131851
29,0.121297
28,0.121219
28,0.066651
30,0.093218
29,0.059644
28,0.092050
28,0.112023
23,0.098451
29,0.081461
28,0.086686
28,0.079997
28,0.100153
29,0.083937
28,0.150728
28,0.108248
31,0.124740
27,0.141852
28,0.229178
28,0.121812
28,0.067418
28,0.063572
28,0.082765
28,0.085686
29,0.093902
26,0.147812
26,0.145580
28,0.068630
26,0.143860
26,0.124368
28,0.150705
26,0.104788
26,0.211186
26,0.198269
25,0.138129
26,0.136583
26,0.192082
28,0.142097
26,0.106956
26,0.160880
25,0.110632
28,0.088943
24,0.130432
24,0.133002
28,0.143220
26,0.114562
24,0.125763
25,0.138639
25,0.110358
24,0.123910
24,0.164513
28,0.181819
25,0.151201
25,0.204299
25,0.216955
28,0.116926
25,0.089029
24,0.117120
25,0.083500
28,0.122292
26,0.177424
25,0.175730
28,0.157835
25,0.087170
25,0.161962
25,0.141892
28,0.107571
25,0.177003
25,0.151881
28,0.137761
28,0.112531
26,0.127224
28,0.168914
28,0.187925
28,0.105031
26,0.181709
22,0.173224
28,0.073808
26,0.133582
28,0.095175
28,0.095455
28,0.169688
28,0.139257
28,0.089836
26,0.105737
25,0.141625
28,0.134663
26,0.155845
28,0.076956
28,0.101796
26,0.142226
28,0.114748
28,0.112428
28,0.106256
28,0.080235
28,0.122540
28,0.126241
28,0.130506
28,0.136746
28,0.120377
31,0.130738
28,0.166379
28,0.114974
29,0.124083
28,0.070035
28,0.098050
28,0.067343
28,0.081090
28,0.094872
29,0.107006
28,0.083076
23,0.133926
31,0.114791
28,0.092195
31,0.098467
31,0.076205
23,0.115049
23,0.081661
31,0.079536
31,0.061325
28,0.099549
28,0.148334
31,0.086953
31,0.073696
31,0.092458
31,0.100866
31,0.096615
31,0.126290
31,0.116833
19,0.094513
19,0.098237
19,0.097842
19,0.087660
19,0.113997
19,0.113843
19,0.119405
19,0.098655
19,0.074818
19,0.089126
19,0.123745
19,0.091132
19,0.051140
19,0.080458
19,0.089029
19,0.076774
19,0.046266
19,0.098133
19,0.080038
19,0.116178
19,0.082841
19,0.108061
19,0.071684
19,0.100780
19,0.078683
18,0.104813
19,0.093028
19,0.100845
19,0.092473
19,0.100626
19,0.089825
19,0.120271
18,0.167739
20,0.205370
20,0.159875
19,0.109068
18,0.088744
19,0.111693
19,0.096816
19,0.143403
19,0.139003
19,0.141625
18,0.126879
18,0.121345
20,0.109848
19,0.147050
19,0.086207
19,0.136716
19,0.149436
18,0.122984
20,0.129937
19,0.068948
19,0.074764
18,0.084934
20,0.112227
19,0.135620
19,0.116224
18,0.119631
20,0.142571
19,0.124999
19,0.080965
18,0.087921
19,0.122051
19,0.126419
19,0.120987
19,0.125762
18,0.144493
19,0.078202
19,0.115406
20,0.146643
18,0.088995
19,0.099541
19,0.086143
20,0.086865
18,0.152039
19,0.126728
19,0.063656
19,0.121398
20,0.155501
19,0.056781
19,0.077839
18,0.126138
16,0.103014
19,0.053574
19,0.078718
18,0.107336
18,0.084045
19,0.103837
18,0.104762
19,0.140986
19,0.048844
19,0.081706
18,0.122313
19,0.212987
18,0.196340
18,0.069022
19,0.094104
19,0.113516
19,0.110393
19,0.123324
20,0.088711
19,0.100986
19,0.128647
19,0.115715
19,0.086331
18,0.147920
18,0.182051
18,0.092192
19,0.107573
19,0.101596
19,0.099967
19,0.078931
19,0.067056
18,0.086709
18,0.087905
19,0.141771
19,0.118187
19,0.103899
19,0.086129
18,0.081297
19,0.104118
19,0.082697
19,0.050227
19,0.086652
19,0.092307
19,0.127153
19,0.098906
19,0.096025
19,0.152863
19,0.106351
19,0.121868
19,0.099208
18,0.129270
19,0.086497
19,0.087575
19,0.126633
19,0.086521
18,0.075225
18,0.149298
19,0.103638
19,0.087272
19,0.078156
19,0.125752
18,0.104228
19,0.086294
19,0.125637
19,0.093036
19,0.112095
19,0.071799
19,0.078365
19,0.123416
19,0.106646
19,0.065440
19,0.115281
19,0.110183
19,0.061668
19,0.061228
19,0.116869
19,0.083326
19,0.078704
18,0.117470
18,0.109820
18,0.087484
19,0.117371
19,0.105023
19,0.097173
19,0.081661
19,0.076968
19,0.147853
19,0.113038
19,0.091851
19,0.097419
19,0.123335
19,0.108188
18,0.148932
18,0.068997
18,0.052467
19,0.092680
19,0.090968
18,0.086901
18,0.093409
19,0.135167
19,0.107108
19,0.120225
18,0.100838
18,0.071027
18,0.111746
19,0.092824
18,0.096414
19,0.070678
19,0.101562
19,0.089383
18,0.085971
19,0.097676
19,0.087415
19,0.104115
18,0.107256
18,0.092775
18,0.058831
18,0.076444
18,0.076005
19,0.085079
19,0.085332
16,0.100080
19,0.120645
19,0.087265
18,0.096234
18,0.058195
18,0.087105
18,0.089802
18,0.117812
18,0.089479
18,0.099307
19,0.109366
18,0.119600
18,0.103059
18,0.125007
19,0.158707
18,0.077144
18,0.102429
18,0.121344
18,0.106282
18,0.113869
18,0.121689
19,0.079303
18,0.150699
18,0.055345
18,0.105401
19,0.085230
19,0.114420
18,0.099813
17,0.104638
17,0.083659
17,0.105765
19,0.089956
19,0.074236
18,0.065936
18,0.072990
19,0.110743
18,0.103246
19,0.100225
19,0.148572
19,0.132127
18,0.068965
18,0.104661
19,0.169198
19,0.087298
19,0.057035
19,0.104044
19,0.121498
19,0.130730
18,0.078633
19,0.098782
18,0.073209
18,0.130733
19,0.080490
19,0.129283
19,0.095178
19,0.125425
19,0.066744
19,0.117329
19,0.099745
18,0.108503
18,0.093078
18,0.097591
18,0.107921
18,0.114340
16,0.058080
18,0.068501
18,0.065885
19,0.059165
18,0.096887
18,0.123279
18,0.094118
18,0.097522
18,0.141621
18,0.051067
19,0.085087
19,0.137351
19,0.116182
18,0.092886
16,0.130032
18,0.111630
18,0.107769
18,0.094307
18,0.093334
19,0.079431
18,0.133172
18,0.085766
18,0.086928
18,0.112056
18,0.111951
18,0.168169
18,0.139422
18,0.114627
19,0.062337
18,0.091672
16,0.116362
18,0.157017
18,0.157024
19,0.085373
18,0.097667
18,0.092000
18,0.095885
18,0.103371
18,0.079103
18,0.074885
18,0.111534
18,0.146628
19,0.116564
18,0.103869
18,0.122474
18,0.152492
16,0.097127
16,0.136676
18,0.060565
18,0.101812
18,0.066740
18,0.138447
19,0.059073
18,0.115629
18,0.128550
18,0.109694
18,0.105350
17,0.085039
17,0.146276
18,0.111642
18,0.071203
18,0.103994
18,0.093777
19,0.079966
18,0.079905
18,0.119714
18,0.126139
18,0.081626
18,0.086875
18,0.086146
18,0.113992
18,0.116127
19,0.076353
18,0.098650
18,0.116762
18,0.090751
18,0.092537
19,0.057598
19,0.096293
19,0.052713
19,0.079501
18,0.079034
18,0.078305
19,0.078993
19,0.102626
19,0.130477
19,0.104953
19,0.198691
19,0.105785
18,0.081245
19,0.152843
18,0.089334
19,0.056717
19,0.061252
18,0.112568
18,0.091475
18,0.090927
19,0.099675
18,0.122122
19,0.114784
19,0.138568
19,0.096419
19,0.100433
19,0.112423
19,0.102813
17,0.099407
19,0.079203
18,0.071620
19,0.099105
17,0.100603
18,0.145506
19,0.112671
19,0.078344
19,0.113645
18,0.096543
18,0.067097
18,0.113234
18,0.091099
18,0.094593
18,0.140175
18,0.106118
18,0.078489
18,0.131819
19,0.112000
19,0.092102
18,0.076468
19,0.098943
19,0.133369
18,0.076039
19,0.066443
18,0.058432
19,0.097742
19,0.077015
18,0.119000
18,0.095266
18,0.065160
18,0.079885
18,0.084690
18,0.072285
19,0.119999
18,0.075063
18,0.121934
19,0.109537
19,0.090053
18,0.128731
18,0.085879
18,0.087268
18,0.063808
18,0.101401
18,0.148327
18,0.085166
19,0.093959
19,0.124562
18,0.103436
18,0.116337
19,0.132794
19,0.083081
18,0.124669
18,0.078499
19,0.074031
19,0.089864
18,0.082158
18,0.070051
19,0.088766
18,0.101649
18,0.067292
18,0.125575
18,0.085779
18,0.127223
18,0.109977
18,0.077370
19,0.073257
18,0.087995
18,0.114812
18,0.098987
19,0.062643
16,0.093184
18,0.101470
18,0.085505
19,0.110551
18,0.086158
16,0.042789
18,0.072094
18,0.066442
18,0.097984
18,0.141092
18,0.124778
18,0.102272
18,0.125720
18,0.102655
18,0.077865
18,0.091897
18,0.074753
18,0.087758
18,0.066251
18,0.073318
18,0.144742
16,0.085593
18,0.076426
18,0.125858
18,0.109126
18,0.133272
18,0.082057
18,0.047324
18,0.124968
16,0.085740
18,0.109842
18,0.103259
18,0.077574
18,0.108717
18,0.135561
18,0.070584
18,0.067558
19,0.058259
17,0.092026
19,0.102512
19,0.099718
18,0.084658
19,0.097736
18,0.099392
19,0.097780
19,0.080429
19,0.058288
18,0.098103
19,0.079576
19,0.072882
19,0.094379
18,0.115146
18,0.117506
18,0.095405
19,0.058769
19,0.100954
18,0.086898
19,0.081088
19,0.103019
19,0.103984
18,0.067447
18,0.122225
18,0.096979
18,0.064886
18,0.084201
18,0.087803
19,0.055193
19,0.109029
18,0.118713
18,0.065155
18,0.090444
19,0.069812
18,0.103369
18,0.129894
16,0.108535
18,0.101417
19,0.078070
18,0.072863
18,0.068688
18,0.092840
19,0.076690
18,0.090978
18,0.092212
18,0.053002
18,0.102070
18,0.118867
18,0.110811
18,0.082128
18,0.075812
18,0.114877
17,0.112235
18,0.115214
18,0.118619
19,0.170199
18,0.072043
16,0.077037
18,0.147919
18,0.149285
18,0.093829
18,0.090597
18,0.110933
18,0.068744
18,0.096416
18,0.090805
18,0.094659
18,0.104193
19,0.082931
18,0.088494
18,0.091782
18,0.058448
18,0.083638
18,0.136603
18,0.095778
18,0.063164
18,0.084680
18,0.068061
18,0.096395
18,0.086643
18,0.082898
18,0.086769
18,0.114121
18,0.103597
19,0.079616
18,0.086461
16,0.077228
19,0.089793
18,0.086563
18,0.113159
18,0.091144
19,0.080979
18,0.096214
16,0.148720
18,0.097047
18,0.108061
19,0.072970
18,0.094781
18,0.102511
18,0.100352
16,0.122813
18,0.081704
18,0.119472
18,0.077148
19,0.088697
18,0.067282
18,0.090233
18,0.127677
19,0.134298
19,0.090532
18,0.091137
18,0.101054
19,0.070392
18,0.099761
18,0.106122
18,0.082604
18,0.105188
18,0.095608
18,0.150500
18,0.082551
19,0.128921
19,0.088752
18,0.147976
18,0.094030
18,0.120945
18,0.079052
18,0.117842
18,0.107506
19,0.089762
19,0.089949
18,0.154248
18,0.113736
18,0.103893
18,0.098787
18,0.129973
18,0.119053
19,0.075851
18,0.085140
18,0.108776
18,0.094893
17,0.085862
19,0.112506
16,0.107006
18,0.090266
19,0.098238
17,0.078611
18,0.065216
18,0.066905
19,0.094043
17,0.153586
18,0.087113
19,0.077949
18,0.133678
18,0.117661
19,0.089703
19,0.110722
19,0.071159
19,0.082074
18,0.049725
18,0.087397
19,0.082804
19,0.090854
18,0.109317
18,0.064774
19,0.100667
19,0.100933
18,0.081320
18,0.062528
18,0.088776
18,0.099912
18,0.090733
19,0.097471
19,0.065065
19,0.045645
19,0.066444
19,0.101989
19,0.079687
19,0.088869
19,0.111072
19,0.091871
19,0.127154
19,0.094740
19,0.112963
18,0.107355
19,0.094146
19,0.093844
19,0.102725
19,0.051883
19,0.095419
19,0.072197
19,0.112390
19,0.074473
19,0.102081
19,0.084130
19,0.099460
19,0.105271
19,0.168797
18,0.094838
18,0.131307
18,0.120951
18,0.171251
18,0.095909
18,0.071269
19,0.087107
19,0.077176
19,0.112609
19,0.059504
18,0.103566
19,0.076131
18,0.115095
19,0.088262
19,0.097712
19,0.099189
18,0.143468
18,0.115281
19,0.092282
19,0.114372
17,0.168564
19,0.097630
18,0.077756
17,0.142857
19,0.122724
17,0.081445
17,0.087308
19,0.047532
17,0.197580
18,0.111093
17,0.162637
19,0.092361
19,0.105536
18,0.073705
19,0.130801
18,0.149450
19,0.086708
19,0.088368
19,0.083466
19,0.106137
19,0.074637
19,0.131661
18,0.107468
18,0.091403
18,0.084374
18,0.112491
18,0.130615
18,0.097253
19,0.110593
19,0.078496
18,0.136450
18,0.160628
19,0.151611
19,0.104334
18,0.088748
18,0.123458
18,0.082872
19,0.092366
18,0.095997
18,0.109385
18,0.096679
19,0.084493
19,0.079682
18,0.146055
18,0.073033
19,0.107327
18,0.117744
18,0.132004
18,0.112010
18,0.059559
19,0.070890
18,0.104735
18,0.100141
19,0.102726
19,0.088776
18,0.076971
18,0.097200
19,0.109856
18,0.080830
18,0.131944
18,0.099316
18,0.122901
19,0.114979
18,0.085688
18,0.116889
17,0.095595
18,0.126380
17,0.127046
17,0.137616
19,0.114145
17,0.111251
17,0.106110
17,0.090328
17,0.113529
17,0.098392
17,0.145124
17,0.108166
17,0.080073
17,0.100115
17,0.089895
17,0.155227
17,0.136075
17,0.096167
17,0.118673
17,0.100298
17,0.078672
17,0.063130
17,0.080815
18,0.186917
19,0.145025
16,0.140753
17,0.108499
17,0.046134
17,0.099494
17,0.046603
17,0.100182
17,0.079486
17,0.091646
17,0.070671
17,0.088903
16,0.093742
18,0.148557
17,0.116908
17,0.101267
16,0.071453
18,0.088667
17,0.120972
17,0.125640
17,0.113007
17,0.122254
17,0.111523
17,0.091841
17,0.101456
17,0.103951
16,0.115205
16,0.081136
17,0.091745
17,0.102406
17,0.117225
16,0.079662
16,0.090873
18,0.127077
19,0.094546
17,0.090169
16,0.064949
17,0.078552
17,0.082738
17,0.080365
16,0.077913
16,0.061469
17,0.111797
17,0.100758
16,0.085150
16,0.139801
17,0.107852
17,0.080511
17,0.112816
17,0.105319
17,0.080305
17,0.099432
16,0.095591
16,0.111715
17,0.146169
17,0.117441
17,0.081957
17,0.063826
17,0.071707
17,0.127410
17,0.163074
17,0.097874
17,0.162542
17,0.080287
17,0.124567
17,0.095062
17,0.081649
17,0.088087
17,0.079440
17,0.091457
17,0.116750
17,0.065452
17,0.061493
17,0.080729
17,0.118392
17,0.101303
17,0.111677
16,0.078357
17,0.115166
17,0.087283
16,0.108351
16,0.094782
16,0.098223
16,0.054641
16,0.107133
16,0.093675
16,0.072824
16,0.049285
16,0.127511
16,0.120712
16,0.061137
16,0.081289
16,0.096248
16,0.056817
16,0.115842
16,0.089046
16,0.109978
16,0.078233
16,0.073440
16,0.055798
16,0.073117
16,0.084399
16,0.064826
16,0.128340
17,0.132264
17,0.138749
18,0.071221
16,0.095334
16,0.097637
16,0.104759
16,0.089222
16,0.102157
16,0.123129
16,0.066984
16,0.075290
16,0.093986
16,0.092644
16,0.051658
16,0.100901
16,0.111591
16,0.055451
16,0.085111
16,0.121706
16,0.091572
16,0.093498
16,0.076028
16,0.047165
16,0.035937
16,0.118279
16,0.085269
16,0.096000
16,0.075124
16,0.068833
16,0.137797
16,0.100557
16,0.055013
16,0.092029
16,0.071409
16,0.065876
16,0.116902
17,0.090732
17,0.155773
16,0.091024
16,0.063395
16,0.073336
16,0.088328
16,0.158750
16,0.146781
16,0.112222
16,0.110039
16,0.075115
16,0.093808
16,0.107572
16,0.074111
16,0.085808
16,0.066126
16,0.110390
16,0.103902
17,0.110588
17,0.094230
17,0.078463
17,0.109107
17,0.126131
17,0.105837
17,0.098319
17,0.172963
17,0.092645
17,0.107496
17,0.123907
17,0.110921
17,0.061417
17,0.095839
17,0.114955
17,0.105707
17,0.113325
17,0.072264
17,0.121446
17,0.118510
17,0.098256
17,0.095935
17,0.145458
17,0.105129
16,0.097850
17,0.075799
17,0.096611
17,0.076153
17,0.082827
17,0.097527
17,0.079914
17,0.082292
17,0.136155
17,0.108427
17,0.152218
17,0.110719
17,0.086052
17,0.099278
17,0.074037
17,0.073123
17,0.092222
17,0.070941
17,0.084878
17,0.073836
17,0.066712
17,0.074901
17,0.130054
17,0.064502
17,0.095351
17,0.079269
17,0.080249
17,0.081046
17,0.090242
17,0.091182
17,0.092113
17,0.112953
17,0.114293
17,0.082931
17,0.050862
17,0.097616
17,0.144257
17,0.077444
17,0.089067
17,0.149260
17,0.117904
17,0.066258
17,0.110821
17,0.093597
17,0.073308
17,0.089385
17,0.102448
17,0.102072
17,0.084477
17,0.079740
17,0.067503
17,0.108609
17,0.090234
17,0.072376
17,0.095221
17,0.051915
17,0.132423
17,0.071903
17,0.061132
17,0.057574
17,0.066523
17,0.109237
17,0.082227
17,0.117759
17,0.070034
17,0.079412
17,0.051133
17,0.109961
17,0.087143
17,0.063297
17,0.108444
17,0.100717
17,0.079603
17,0.077770
17,0.103156
17,0.067050
17,0.092367
17,0.076622
17,0.075570
17,0.116629
17,0.114955
17,0.076750
17,0.118304
17,0.105536
17,0.103306
17,0.115107
17,0.072338
17,0.131196
17,0.132600
17,0.064140
17,0.065506
17,0.094919
17,0.122860
17,0.081197
17,0.096605
17,0.111079
17,0.120347
17,0.112696
17,0.149829
17,0.117438
17,0.113628
17,0.146362
17,0.105671
17,0.112131
17,0.126396
17,0.114139
17,0.064537
17,0.100346
17,0.085134
